YEAR,KIND,HOME,AWAY,HOME_SCORE,AWAY_SCORE,HOME_RUSHING_YARDS,HOME_PASSING_YARDS,HOME_PENALTY_YARDS,HOME_TURNOVERS,AWAY_RUSHING_YARDS,AWAY_PASSING_YARDS,AWAY_PENALTY_YARDS,AWAY_TURNOVERS
2012,REG,NYG,DAL,17,24,82,187,33,1,143,290,86,1
2012,REG,CHI,IND,41,21,114,314,48,1,63,293,19,5
2012,REG,MIN,JAC,26,23,123,266,40,1,113,249,25,1
2012,REG,NYJ,BUF,48,28,118,266,34,1,195,195,34,4
2012,REG,HOU,MIA,30,10,83,254,35,0,79,196,78,4
2012,REG,TEN,NE,13,34,20,264,30,2,162,228,20,0
2012,REG,DET,STL,27,23,83,346,27,3,78,173,65,0
2012,REG,NO,WAS,32,40,32,326,107,3,153,311,127,0
2012,REG,CLE,PHI,16,17,99,111,35,4,150,306,110,5
2012,REG,KC,ATL,24,40,152,241,25,3,84,292,12,0
2012,REG,GB,SF,22,30,45,279,77,1,186,191,66,0
2012,REG,ARI,SEA,20,16,43,210,102,2,115,139,90,2
2012,REG,TB,CAR,16,10,130,128,35,0,10,291,65,2
2012,REG,DEN,PIT,31,19,94,240,49,1,75,209,52,1
2012,REG,BAL,CIN,44,13,122,308,50,0,129,193,41,2
2012,REG,OAK,SD,14,22,45,276,35,1,32,226,78,0
2012,REG,GB,CHI,23,10,106,215,54,2,94,74,65,4
2012,REG,NYG,TB,41,34,94,510,53,3,79,228,33,2
2012,REG,CAR,NO,35,27,219,244,34,1,163,323,23,2
2012,REG,NE,ARI,18,20,80,297,50,1,105,140,39,2
2012,REG,IND,MIN,23,20,84,194,51,0,95,232,105,1
2012,REG,PHI,BAL,24,23,129,357,58,4,111,214,45,2
2012,REG,BUF,KC,35,17,201,178,50,0,150,272,33,3
2012,REG,CIN,CLE,34,27,80,295,54,1,130,309,103,1
2012,REG,JAC,HOU,7,27,65,52,71,1,216,195,64,0
2012,REG,SEA,DAL,27,7,182,133,35,0,49,247,47,2
2012,REG,STL,WAS,31,28,151,301,60,3,176,197,96,1
2012,REG,PIT,NYJ,27,10,66,265,107,0,90,129,63,1
2012,REG,SD,TEN,38,10,148,268,41,1,38,174,59,1
2012,REG,MIA,OAK,35,13,259,189,21,0,23,373,42,1
2012,REG,SF,DET,27,19,148,201,62,1,82,214,67,1
2012,REG,ATL,DEN,27,21,67,208,72,0,118,218,96,4
2012,REG,CAR,NYG,7,36,60,267,22,5,125,280,38,0
2012,REG,DAL,TB,16,10,38,259,105,3,75,91,69,2
2012,REG,CHI,STL,23,6,103,171,45,1,59,101,40,2
2012,REG,MIN,SF,24,13,146,198,10,2,89,191,60,3
2012,REG,TEN,DET,44,41,59,378,32,2,141,442,91,1
2012,REG,WAS,CIN,31,38,213,168,55,1,93,385,80,2
2012,REG,NO,KC,24,27,83,205,45,1,273,237,40,3
2012,REG,MIA,NYJ,20,23,185,196,65,2,88,300,108,2
2012,REG,CLE,BUF,14,24,33,207,57,2,138,206,75,1
2012,REG,IND,JAC,17,22,124,313,106,1,185,148,67,0
2012,REG,ARI,PHI,27,6,99,193,60,0,126,182,65,3
2012,REG,SD,ATL,3,27,116,164,17,4,119,265,15,1
2012,REG,DEN,HOU,25,31,59,316,75,1,152,284,69,2
2012,REG,OAK,PIT,34,31,119,202,25,1,54,379,81,2
2012,REG,BAL,NE,31,30,121,382,135,1,77,319,83,0
2012,REG,SEA,GB,14,12,127,111,118,0,84,184,127,0
2012,REG,BAL,CLE,23,16,101,337,100,1,43,314,66,2
2012,REG,BUF,NE,28,52,98,340,17,6,247,333,10,2
2012,REG,HOU,TEN,38,14,95,202,3,0,158,167,73,3
2012,REG,KC,SD,20,37,119,234,80,6,104,189,75,1
2012,REG,DET,MIN,13,20,54,287,72,1,127,100,87,0
2012,REG,ATL,CAR,30,28,121,305,15,1,198,205,64,1
2012,REG,STL,SEA,19,13,75,211,37,1,179,140,55,3
2012,REG,NYJ,SF,0,34,45,100,30,4,245,134,67,0
2012,REG,ARI,MIA,24,21,28,269,62,2,86,394,40,4
2012,REG,DEN,OAK,37,6,165,338,30,1,56,181,41,0
2012,REG,JAC,CIN,10,27,69,143,37,2,138,244,50,2
2012,REG,GB,NO,28,27,102,319,43,2,45,429,72,0
2012,REG,TB,WAS,22,24,80,293,107,1,160,314,73,0
2012,REG,PHI,NYG,19,17,191,231,49,0,57,309,55,1
2012,REG,DAL,CHI,18,34,41,389,10,5,93,267,25,1
2012,REG,STL,ARI,17,3,111,131,60,1,45,237,35,1
2012,REG,WAS,ATL,17,24,129,187,20,2,83,338,13,2
2012,REG,PIT,PHI,16,14,136,207,106,0,78,168,35,2
2012,REG,IND,GB,30,27,119,345,100,1,141,215,89,1
2012,REG,NYG,CLE,41,27,243,259,25,2,84,291,91,3
2012,REG,MIN,TEN,30,7,175,258,60,2,52,215,75,2
2012,REG,CIN,MIA,13,17,80,218,46,3,68,211,10,2
2012,REG,KC,BAL,6,9,214,124,60,4,132,165,33,2
2012,REG,CAR,SEA,12,16,82,108,25,1,98,212,65,3
2012,REG,JAC,CHI,3,41,60,129,49,3,214,287,80,1
2012,REG,NE,DEN,31,21,251,193,59,1,70,332,21,3
2012,REG,SF,BUF,45,3,311,310,53,1,89,115,30,2
2012,REG,NO,SD,31,24,53,351,99,1,117,310,56,2
2012,REG,NYJ,HOU,17,23,69,217,25,2,169,209,50,1
2012,REG,TEN,PIT,26,23,94,265,45,1,56,356,50,1
2012,REG,ATL,OAK,23,20,45,241,25,3,149,325,110,3
2012,REG,TB,KC,38,10,145,318,33,2,80,180,55,2
2012,REG,NYJ,IND,35,9,252,99,110,0,41,257,27,4
2012,REG,CLE,CIN,34,24,111,218,35,1,76,362,50,4
2012,REG,PHI,DET,23,26,71,286,60,3,138,311,132,1
2012,REG,MIA,STL,17,14,19,173,40,0,162,300,101,1
2012,REG,BAL,DAL,31,29,86,230,76,0,227,254,82,1
2012,REG,ARI,BUF,16,19,182,150,67,2,165,141,34,2
2012,REG,SEA,NE,24,23,85,283,35,2,87,388,80,2
2012,REG,SF,NYG,3,26,80,234,35,3,149,193,20,0
2012,REG,WAS,MIN,38,26,183,178,66,1,94,327,29,3
2012,REG,HOU,GB,24,42,90,231,69,3,99,328,51,0
2012,REG,SD,DEN,24,35,90,218,64,6,57,309,81,3
2012,REG,SF,SEA,13,6,175,138,40,1,136,115,20,1
2012,REG,NYG,WAS,27,23,64,329,30,2,248,232,55,4
2012,REG,MIN,ARI,21,14,166,43,35,2,126,230,82,2
2012,REG,CAR,DAL,14,19,112,216,71,2,85,227,43,1
2012,REG,TB,NO,28,35,98,415,55,0,81,377,55,1
2012,REG,STL,GB,20,30,108,246,30,1,70,332,30,0
2012,REG,HOU,BAL,43,13,181,239,60,0,55,121,56,2
2012,REG,IND,CLE,17,13,148,173,50,1,55,264,75,0
2012,REG,BUF,TEN,34,35,166,216,65,2,197,193,25,0
2012,REG,NE,NYJ,29,26,131,250,40,1,106,297,60,2
2012,REG,OAK,JAC,26,23,69,282,58,3,54,157,92,0
2012,REG,CIN,PIT,17,24,80,105,20,1,167,264,50,2
2012,REG,CHI,DET,13,7,171,125,49,0,99,241,47,4
2012,REG,MIN,TB,17,36,140,229,32,3,159,257,49,0
2012,REG,GB,JAC,24,15,66,172,33,1,62,279,77,1
2012,REG,NYJ,MIA,9,30,105,258,45,2,97,139,31,1
2012,REG,CLE,SD,7,6,133,117,35,0,117,148,15,1
2012,REG,TEN,IND,13,19,112,227,65,0,171,286,45,1
2012,REG,STL,NE,7,45,107,219,102,2,151,321,42,0
2012,REG,PHI,ATL,17,30,92,178,57,0,146,246,40,0
2012,REG,CHI,CAR,23,22,79,131,40,3,119,297,21,2
2012,REG,DET,SEA,28,24,84,331,61,1,133,229,10,2
2012,REG,PIT,WAS,27,12,140,215,20,0,86,169,55,0
2012,REG,KC,OAK,16,26,102,197,40,4,135,209,20,1
2012,REG,DAL,NYG,24,29,19,415,10,6,103,190,45,2
2012,REG,DEN,NO,34,14,225,305,34,1,51,201,15,1
2012,REG,ARI,SF,3,24,7,258,51,1,113,204,80,0
2012,REG,SD,KC,31,13,123,216,54,2,113,176,37,4
2012,REG,WAS,CAR,13,21,151,186,97,0,129,201,60,0
2012,REG,GB,ARI,31,17,176,208,5,1,54,286,58,2
2012,REG,JAC,DET,14,31,64,215,40,2,149,285,42,0
2012,REG,TEN,CHI,20,51,159,174,68,5,160,198,37,1
2012,REG,CIN,DEN,23,31,91,275,83,1,68,291,29,2
2012,REG,CLE,BAL,15,25,116,174,31,2,137,145,82,0
2012,REG,HOU,BUF,21,9,118,256,42,0,78,230,15,1
2012,REG,IND,MIA,23,20,97,419,91,0,84,281,79,0
2012,REG,SEA,MIN,30,20,195,190,49,0,243,44,33,2
2012,REG,OAK,TB,32,42,22,402,80,3,278,237,116,1
2012,REG,NYG,PIT,20,24,68,114,40,1,158,191,119,2
2012,REG,ATL,DAL,19,13,123,330,15,0,65,312,50,0
2012,REG,NO,PHI,28,13,140,231,35,2,221,226,58,2
2012,REG,JAC,IND,10,27,37,300,115,3,138,221,40,2
2012,REG,CAR,DEN,14,36,52,198,45,2,65,295,60,2
2012,REG,TB,SD,34,24,74,205,5,0,103,323,5,2
2012,REG,MIA,TEN,3,37,54,201,67,4,177,116,39,0
2012,REG,NE,BUF,37,31,117,230,73,0,162,319,148,3
2012,REG,BAL,OAK,55,20,78,341,41,1,72,350,105,3
2012,REG,CIN,NYG,31,13,76,199,40,1,129,189,5,4
2012,REG,NO,ATL,31,27,148,292,35,1,46,408,53,1
2012,REG,MIN,DET,34,24,189,214,47,0,60,308,57,2
2012,REG,SEA,NYJ,28,7,174,189,45,2,84,101,35,3
2012,REG,PHI,DAL,23,38,91,278,50,2,101,193,75,0
2012,REG,SF,STL,24,24,183,158,66,0,159,299,85,1
2012,REG,CHI,HOU,6,13,115,134,49,4,127,88,35,2
2012,REG,PIT,KC,16,13,95,154,19,1,142,148,76,1
2012,REG,BUF,MIA,19,14,120,161,100,0,60,124,69,3
2012,REG,WAS,PHI,31,6,169,192,80,0,80,177,70,3
2012,REG,DET,GB,20,24,110,252,50,4,95,219,80,1
2012,REG,ATL,ARI,23,19,58,296,35,6,137,41,43,1
2012,REG,CAR,TB,21,27,97,234,91,1,167,236,50,3
2012,REG,DAL,CLE,23,20,63,257,92,1,119,192,129,1
2012,REG,STL,NYJ,13,27,114,167,30,3,124,165,20,0
2012,REG,NE,IND,59,24,115,331,70,0,119,329,5,4
2012,REG,HOU,JAC,43,37,136,504,20,3,86,372,54,1
2012,REG,KC,CIN,6,28,113,171,30,1,189,220,54,0
2012,REG,OAK,NO,17,38,120,284,40,2,153,229,109,0
2012,REG,DEN,SD,30,23,133,253,30,2,53,224,65,3
2012,REG,PIT,BAL,10,13,134,177,43,3,47,153,68,0
2012,REG,SF,CHI,32,7,123,232,50,0,85,58,55,2
2012,REG,DET,HOU,31,34,106,419,70,1,205,296,65,1
2012,REG,DAL,WAS,31,38,35,423,45,3,142,295,41,1
2012,REG,NYJ,NE,19,49,119,286,35,5,152,323,36,1
2012,REG,CIN,OAK,34,10,221,194,25,0,99,119,25,2
2012,REG,CLE,PIT,20,14,108,130,90,1,49,193,68,8
2012,REG,IND,BUF,20,13,87,225,37,2,135,169,46,1
2012,REG,JAC,TEN,24,19,100,221,30,1,110,250,42,2
2012,REG,KC,DEN,9,17,148,116,50,1,95,273,35,1
2012,REG,CHI,MIN,28,10,113,183,55,2,114,144,44,3
2012,REG,TB,ATL,23,24,50,276,24,0,79,345,15,2
2012,REG,MIA,SEA,24,21,189,246,15,1,96,216,59,0
2012,REG,SD,BAL,13,16,91,189,37,0,127,316,60,0
2012,REG,NO,SF,21,31,59,231,53,2,144,231,68,2
2012,REG,ARI,STL,17,31,74,301,56,4,173,194,84,1
2012,REG,NYG,GB,38,10,147,243,24,0,116,201,49,2
2012,REG,PHI,CAR,22,30,204,107,30,3,109,289,101,0
2012,REG,ATL,NO,23,13,124,159,25,1,101,335,30,5
2012,REG,CHI,SEA,17,23,132,226,45,0,176,283,55,1
2012,REG,GB,MIN,23,14,152,283,78,1,240,119,48,2
2012,REG,STL,SF,16,13,85,208,65,0,148,191,97,1
2012,REG,NYJ,ARI,7,6,177,112,20,4,81,56,30,1
2012,REG,KC,CAR,27,21,158,197,5,0,165,220,45,0
2012,REG,DET,IND,33,35,138,313,61,1,87,372,36,3
2012,REG,BUF,JAC,34,18,232,112,100,2,50,186,74,2
2012,REG,MIA,NE,16,23,101,176,90,1,108,213,50,1
2012,REG,TEN,HOU,10,24,89,265,35,6,125,207,97,0
2012,REG,DEN,TB,31,23,91,242,75,1,71,235,80,1
2012,REG,BAL,PIT,20,23,111,177,70,2,96,270,50,3
2012,REG,OAK,CLE,17,20,85,344,65,1,122,353,25,2
2012,REG,SD,CIN,13,20,46,251,55,2,128,211,55,3
2012,REG,DAL,PHI,38,33,123,294,60,0,183,240,5,1
2012,REG,WAS,NYG,17,16,207,163,56,1,117,273,73,0
2012,REG,OAK,DEN,13,26,61,263,94,2,140,288,25,1
2012,REG,WAS,BAL,31,28,172,248,70,1,186,173,56,2
2012,REG,CLE,KC,30,7,154,198,55,0,180,130,35,1
2012,REG,PIT,SD,24,34,69,271,52,2,94,200,51,0
2012,REG,IND,TEN,27,23,98,171,43,2,97,259,70,2
2012,REG,JAC,NYJ,10,17,123,168,54,2,166,104,15,2
2012,REG,MIN,CHI,21,14,171,77,54,1,118,320,80,2
2012,REG,CAR,ATL,30,20,195,280,10,0,35,327,15,1
2012,REG,TB,PHI,21,23,136,178,60,0,29,338,13,1
2012,REG,BUF,STL,12,15,61,220,15,2,78,207,17,1
2012,REG,CIN,DAL,19,20,146,190,70,1,49,239,49,1
2012,REG,SF,MIA,27,13,155,166,45,0,94,133,43,1
2012,REG,NYG,NO,52,27,135,259,55,2,142,345,81,4
2012,REG,SEA,ARI,58,0,284,209,97,1,43,111,79,8
2012,REG,GB,DET,27,20,140,148,50,1,135,251,55,2
2012,REG,NE,HOU,42,14,130,289,56,1,100,223,70,1
2012,REG,PHI,CIN,13,34,42,179,76,5,157,92,94,2
2012,REG,CHI,GB,13,21,83,107,91,1,113,278,104,2
2012,REG,ATL,NYG,34,0,129,265,30,0,97,159,25,3
2012,REG,NO,TB,41,0,149,298,55,0,67,319,84,5
2012,REG,STL,MIN,22,36,87,345,47,2,213,109,49,0
2012,REG,CLE,WAS,21,38,58,233,30,2,122,308,45,1
2012,REG,MIA,JAC,24,3,180,209,41,1,86,213,88,0
2012,REG,BAL,DEN,17,34,56,222,61,2,163,187,51,0
2012,REG,HOU,IND,29,17,178,239,69,0,124,148,79,1
2012,REG,ARI,DET,38,10,99,97,50,1,84,228,63,4
2012,REG,SD,CAR,7,31,70,94,70,2,155,217,48,1
2012,REG,BUF,SEA,17,50,118,215,20,3,270,196,32,0
2012,REG,DAL,PIT,27,24,87,328,61,1,69,319,0,2
2012,REG,OAK,KC,15,0,203,182,62,1,10,109,60,1
2012,REG,NE,SF,34,41,95,425,73,4,180,203,88,2
2012,REG,TEN,NYJ,14,10,167,127,111,0,146,107,23,5
2012,REG,DET,ATL,18,31,79,443,20,3,73,271,20,0
2012,REG,GB,TEN,55,7,117,343,10,0,79,101,35,2
2012,REG,CAR,OAK,17,6,112,159,97,2,47,142,70,1
2012,REG,MIA,BUF,24,10,182,119,25,0,154,227,93,4
2012,REG,PIT,CIN,10,13,95,185,63,3,14,253,55,3
2012,REG,JAC,NE,16,23,93,343,47,3,103,246,39,2
2012,REG,KC,IND,13,20,352,155,75,3,90,198,48,0
2012,REG,DAL,NO,31,34,40,406,32,1,116,446,42,0
2012,REG,PHI,WAS,20,27,90,321,30,2,128,185,24,1
2012,REG,TB,STL,13,28,80,349,5,5,89,196,64,2
2012,REG,BAL,NYG,33,14,224,309,92,0,67,119,52,0
2012,REG,HOU,MIN,6,23,34,153,60,2,174,171,52,1
2012,REG,DEN,CLE,34,12,118,339,84,1,91,142,69,1
2012,REG,ARI,CHI,13,28,29,219,25,3,152,145,12,1
2012,REG,SEA,SF,42,13,176,170,45,1,82,231,58,2
2012,REG,NYJ,SD,17,27,69,156,40,2,87,136,53,0
2012,REG,BUF,NYJ,28,9,109,225,24,1,133,199,45,2
2012,REG,NE,MIA,28,0,167,276,48,0,47,209,23,2
2012,REG,CIN,BAL,23,17,47,142,40,0,206,146,102,1
2012,REG,PIT,CLE,24,10,91,121,58,0,138,182,79,4
2012,REG,IND,HOU,28,16,81,184,24,0,102,250,64,2
2012,REG,TEN,JAC,38,20,79,142,43,0,122,253,35,3
2012,REG,NYG,PHI,42,7,185,212,5,0,110,207,52,1
2012,REG,WAS,DAL,28,18,274,87,20,0,100,196,6,3
2012,REG,DET,CHI,24,26,72,255,29,4,144,245,35,0
2012,REG,MIN,GB,37,34,217,227,98,0,72,333,43,1
2012,REG,ATL,TB,17,22,65,213,15,0,144,222,15,1
2012,REG,NO,CAR,38,44,63,378,55,1,273,257,36,1
2012,REG,DEN,KC,38,3,172,316,30,1,93,26,32,0
2012,REG,SD,OAK,24,21,70,140,60,0,115,150,67,1
2012,REG,SF,ARI,27,13,129,278,25,0,55,207,34,2
2012,REG,SEA,STL,20,13,153,209,80,0,79,252,98,1
2012,POST,HOU,CIN,19,13,158,262,55,1,80,118,51,1
2012,POST,GB,MIN,24,10,76,250,10,0,167,157,30,3
2012,POST,BAL,IND,24,9,172,269,70,2,152,267,37,2
2012,POST,WAS,SEA,14,24,104,99,15,2,224,156,30,1
2012,POST,DEN,BAL,35,38,125,273,87,3,155,324,58,1
2012,POST,SF,GB,45,31,323,256,86,1,104,248,26,2
2012,POST,NE,HOU,41,28,122,335,56,0,91,334,20,1
2012,POST,ATL,SEA,30,28,167,250,11,2,123,368,35,2
2012,POST,NE,BAL,13,28,108,320,40,3,121,235,60,0
2012,POST,ATL,SF,24,28,66,317,30,2,139,224,19,1
2012,POST,SF,BAL,31,34,182,286,33,2,93,274,20,1
2013,REG,DEN,BAL,49,27,65,445,61,2,58,335,53,2
2013,REG,BUF,NE,21,23,136,150,75,2,158,273,36,3
2013,REG,CAR,SEA,7,12,124,119,46,2,70,300,109,1
2013,REG,CHI,CIN,24,21,81,242,59,1,63,277,84,3
2013,REG,CLE,MIA,10,23,47,244,57,3,20,255,77,1
2013,REG,DET,MIN,34,24,117,352,88,2,105,225,52,4
2013,REG,IND,OAK,21,17,127,147,31,0,171,201,51,2
2013,REG,JAC,KC,2,28,71,107,30,2,120,171,20,0
2013,REG,NYJ,TB,18,17,90,214,45,2,65,185,102,1
2013,REG,NO,ATL,23,17,78,341,57,1,88,279,19,2
2013,REG,PIT,TEN,9,16,32,163,47,2,112,117,60,0
2013,REG,STL,ARI,27,24,67,299,59,2,86,304,68,2
2013,REG,SF,GB,34,28,90,404,85,0,63,322,44,2
2013,REG,DAL,NYG,36,31,87,244,40,1,50,428,52,6
2013,REG,WAS,PHI,27,33,74,308,75,3,265,180,65,2
2013,REG,SD,HOU,28,31,80,183,55,1,120,329,73,1
2013,REG,NE,NYJ,13,10,54,178,30,0,129,189,66,4
2013,REG,ATL,STL,31,24,36,357,53,0,69,352,53,1
2013,REG,BAL,CLE,14,6,99,197,41,1,65,194,33,0
2013,REG,BUF,CAR,24,23,149,287,55,2,125,183,30,1
2013,REG,CHI,MIN,31,30,129,282,35,4,123,227,25,3
2013,REG,GB,WAS,38,20,139,441,40,1,108,314,78,1
2013,REG,HOU,TEN,30,24,172,280,40,2,119,129,70,0
2013,REG,IND,MIA,20,24,133,315,13,1,101,297,0,1
2013,REG,KC,DAL,17,16,114,199,45,0,37,281,27,2
2013,REG,PHI,SD,30,33,89,422,82,1,126,413,32,2
2013,REG,ARI,DET,25,21,87,261,40,1,49,273,101,1
2013,REG,TB,NO,14,16,160,113,118,2,75,296,35,2
2013,REG,NYG,DEN,23,41,23,353,16,4,109,307,132,1
2013,REG,OAK,JAC,19,9,226,114,30,1,34,214,70,0
2013,REG,SEA,SF,29,3,172,118,84,1,100,107,121,5
2013,REG,CIN,PIT,20,10,127,280,84,0,44,234,29,2
2013,REG,PHI,KC,16,26,260,171,45,5,147,248,65,0
2013,REG,BAL,HOU,30,9,75,161,87,0,94,170,113,1
2013,REG,CIN,GB,34,30,82,215,43,4,182,217,55,4
2013,REG,DAL,STL,31,7,193,203,72,1,35,197,41,1
2013,REG,MIA,ATL,27,23,90,195,13,2,146,231,59,2
2013,REG,MIN,CLE,27,31,134,195,35,3,103,306,47,4
2013,REG,NYJ,BUF,27,20,182,331,168,2,120,208,87,0
2013,REG,NE,TB,23,3,156,202,50,1,97,226,48,1
2013,REG,NO,ARI,31,7,104,319,30,1,86,161,18,2
2013,REG,TEN,SD,20,17,170,282,116,0,102,175,45,1
2013,REG,WAS,DET,20,27,120,300,45,2,63,378,71,1
2013,REG,CAR,NYG,38,0,194,208,32,2,60,90,45,3
2013,REG,SF,IND,7,27,115,139,48,2,179,157,10,0
2013,REG,SEA,JAC,45,17,156,323,24,2,51,214,45,3
2013,REG,PIT,CHI,23,40,80,379,59,5,107,151,25,0
2013,REG,DEN,OAK,37,21,162,372,40,2,49,293,77,0
2013,REG,STL,SF,11,35,18,170,82,2,219,151,85,2
2013,REG,BUF,BAL,23,20,203,147,99,3,24,321,59,5
2013,REG,CLE,CIN,17,6,89,247,80,0,63,203,25,2
2013,REG,DET,CHI,40,32,159,228,25,3,131,286,30,4
2013,REG,HOU,SEA,20,23,151,325,86,3,179,91,62,2
2013,REG,JAC,IND,3,37,40,165,65,3,154,283,58,1
2013,REG,KC,NYG,31,7,102,288,62,3,98,200,65,3
2013,REG,MIN,PIT,34,27,145,248,89,0,77,357,50,2
2013,REG,TB,ARI,10,13,80,173,73,3,56,240,90,3
2013,REG,TEN,NYJ,38,13,78,244,30,0,91,239,66,4
2013,REG,DEN,PHI,52,20,141,331,25,0,166,284,62,0
2013,REG,OAK,WAS,14,24,104,194,25,2,122,217,29,1
2013,REG,SD,DAL,30,21,112,394,85,1,92,225,33,1
2013,REG,ATL,NE,23,30,58,399,55,1,132,316,93,0
2013,REG,NO,MIA,38,17,68,397,45,1,115,216,25,4
2013,REG,CLE,BUF,37,24,91,199,66,0,155,188,56,1
2013,REG,CHI,NO,18,26,94,340,43,1,66,281,10,0
2013,REG,CIN,NE,13,6,162,179,59,2,82,166,0,2
2013,REG,GB,DET,22,9,180,269,72,0,64,222,50,0
2013,REG,IND,SEA,34,28,109,208,35,2,218,205,85,2
2013,REG,MIA,BAL,23,26,22,272,65,0,133,251,64,2
2013,REG,NYG,PHI,21,36,53,330,136,4,140,299,88,0
2013,REG,STL,JAC,34,20,143,208,53,0,96,267,45,3
2013,REG,TEN,KC,17,26,105,234,35,3,120,233,61,2
2013,REG,ARI,CAR,22,6,90,160,30,3,95,258,79,4
2013,REG,DAL,DEN,48,51,52,470,81,2,103,414,55,2
2013,REG,OAK,SD,27,17,104,195,85,0,32,391,30,5
2013,REG,SF,HOU,34,3,177,107,17,0,131,182,52,4
2013,REG,ATL,NYJ,28,30,64,299,46,1,118,170,24,0
2013,REG,CHI,NYG,27,21,110,262,51,0,123,232,31,3
2013,REG,BAL,GB,17,19,47,313,40,1,140,298,55,2
2013,REG,BUF,CIN,24,27,130,192,27,1,165,318,78,1
2013,REG,CLE,DET,17,31,126,269,87,2,118,248,65,1
2013,REG,HOU,STL,13,38,153,267,95,4,99,117,74,0
2013,REG,KC,OAK,24,7,111,105,20,1,125,149,68,3
2013,REG,MIN,CAR,10,35,75,215,55,2,131,236,40,0
2013,REG,NYJ,PIT,6,19,83,184,60,2,73,255,49,0
2013,REG,TB,PHI,20,31,94,257,72,1,138,287,31,1
2013,REG,DEN,JAC,35,19,112,295,31,3,71,291,62,2
2013,REG,SEA,TEN,20,13,151,253,65,2,66,157,44,2
2013,REG,NE,NO,30,27,141,235,33,1,131,230,56,2
2013,REG,SF,ARI,32,20,149,238,35,2,109,294,38,4
2013,REG,DAL,WAS,31,16,48,165,80,1,216,217,97,2
2013,REG,SD,IND,19,9,147,227,25,0,74,193,28,1
2013,REG,ARI,SEA,22,34,30,204,22,2,135,209,70,2
2013,REG,ATL,TB,31,23,18,273,101,1,111,226,103,1
2013,REG,CAR,STL,30,15,102,180,59,0,63,254,68,3
2013,REG,DET,CIN,24,27,77,357,30,0,57,364,50,0
2013,REG,GB,CLE,31,13,104,253,97,0,83,133,106,1
2013,REG,JAC,SD,6,24,78,275,45,1,158,276,61,0
2013,REG,KC,HOU,17,16,126,231,24,2,73,221,40,1
2013,REG,MIA,BUF,21,23,120,173,32,3,90,178,53,1
2013,REG,NYJ,NE,30,27,177,206,45,1,90,205,100,1
2013,REG,PHI,DAL,3,17,84,194,33,3,74,294,75,2
2013,REG,WAS,CHI,45,41,209,290,47,1,140,219,30,1
2013,REG,TEN,SF,17,31,70,298,100,2,153,196,42,0
2013,REG,PIT,BAL,19,16,141,145,50,1,82,205,67,0
2013,REG,IND,DEN,39,33,121,213,52,1,64,365,103,3
2013,REG,NYG,MIN,23,7,64,193,72,1,30,176,38,3
2013,REG,TB,CAR,13,31,48,249,21,1,129,195,59,0
2013,REG,DET,DAL,31,30,143,480,61,4,62,204,31,0
2013,REG,JAC,SF,10,42,90,228,76,1,221,177,35,1
2013,REG,KC,CLE,23,17,136,195,31,0,57,283,70,1
2013,REG,NE,MIA,27,17,152,100,35,1,156,145,61,3
2013,REG,NO,BUF,35,17,77,309,59,0,88,211,45,3
2013,REG,PHI,NYG,7,15,48,153,48,3,88,237,92,1
2013,REG,OAK,PIT,21,18,197,81,39,3,35,241,12,2
2013,REG,CIN,NYJ,49,9,79,323,45,1,93,147,69,2
2013,REG,ARI,ATL,27,13,201,147,52,1,27,265,55,4
2013,REG,DEN,WAS,45,21,107,339,57,4,112,154,5,5
2013,REG,MIN,GB,31,44,111,132,46,0,182,282,120,0
2013,REG,STL,SEA,9,14,200,139,53,2,44,91,83,0
2013,REG,MIA,CIN,22,20,157,188,25,1,163,302,63,4
2013,REG,BUF,KC,13,23,241,229,48,3,95,115,38,0
2013,REG,CAR,ATL,34,10,131,242,15,2,78,211,59,4
2013,REG,DAL,MIN,27,23,36,314,45,1,169,224,35,2
2013,REG,NYJ,NO,26,20,198,140,62,0,41,366,59,2
2013,REG,STL,TEN,21,28,160,203,44,2,198,165,30,2
2013,REG,WAS,SD,30,24,209,291,65,1,69,341,63,2
2013,REG,OAK,PHI,20,49,210,350,70,2,128,414,52,0
2013,REG,SEA,TB,27,24,198,217,67,3,205,145,99,0
2013,REG,CLE,BAL,24,18,73,242,55,1,55,223,80,2
2013,REG,NE,PIT,55,31,197,413,30,1,108,371,96,3
2013,REG,HOU,IND,24,27,143,340,86,0,69,245,15,0
2013,REG,GB,CHI,20,27,199,113,0,1,171,271,45,0
2013,REG,MIN,WAS,34,27,91,216,7,1,191,242,63,0
2013,REG,ATL,SEA,10,33,64,162,15,1,211,279,80,0
2013,REG,BAL,CIN,20,17,85,104,65,3,120,244,134,3
2013,REG,CHI,DET,19,21,38,300,39,1,145,219,51,1
2013,REG,GB,PHI,13,27,99,297,31,2,204,211,65,1
2013,REG,IND,STL,8,38,18,388,20,5,140,232,46,1
2013,REG,NYG,OAK,24,20,133,118,5,3,107,106,65,2
2013,REG,PIT,BUF,23,10,136,164,42,1,95,132,28,1
2013,REG,TEN,JAC,27,29,83,279,45,4,54,160,19,2
2013,REG,SF,CAR,9,10,105,46,25,2,111,139,25,2
2013,REG,ARI,HOU,27,24,97,235,29,3,76,159,53,1
2013,REG,SD,DEN,20,28,131,198,40,0,84,313,28,1
2013,REG,NO,DAL,49,17,242,383,44,1,89,104,82,0
2013,REG,TB,MIA,22,19,140,124,70,1,2,211,70,1
2013,REG,TEN,IND,27,30,122,218,34,1,137,229,51,0
2013,REG,BUF,NYJ,37,14,68,245,64,0,134,133,24,4
2013,REG,CHI,BAL,23,20,104,215,111,0,174,143,46,2
2013,REG,CIN,CLE,41,20,106,118,64,2,102,228,40,4
2013,REG,HOU,OAK,23,28,90,304,50,2,165,176,77,0
2013,REG,JAC,ARI,14,27,32,242,40,2,14,402,42,0
2013,REG,MIA,SD,20,16,104,239,15,1,154,281,76,1
2013,REG,PHI,WAS,24,16,126,276,68,0,191,236,39,2
2013,REG,PIT,DET,37,27,40,358,23,0,107,344,45,3
2013,REG,TB,ATL,41,28,186,224,121,0,152,268,45,3
2013,REG,DEN,KC,27,17,104,323,82,1,144,200,53,1
2013,REG,NO,SF,23,20,92,295,48,3,81,115,45,1
2013,REG,SEA,MIN,41,20,93,230,96,0,132,204,20,4
2013,REG,NYG,GB,27,13,78,256,30,1,55,339,38,3
2013,REG,CAR,NE,24,20,103,197,47,0,107,283,50,2
2013,REG,ATL,NO,13,17,91,264,25,1,103,271,66,0
2013,REG,BAL,NYJ,19,3,67,245,41,1,102,118,56,3
2013,REG,CLE,PIT,11,27,55,312,10,4,85,217,8,0
2013,REG,DET,TB,21,24,104,286,39,5,22,207,67,0
2013,REG,GB,MIN,26,26,196,298,50,0,232,215,53,1
2013,REG,HOU,JAC,6,13,77,141,22,1,118,215,63,0
2013,REG,KC,SD,38,41,114,281,62,2,104,387,97,0
2013,REG,MIA,CAR,16,20,52,280,55,1,136,159,56,1
2013,REG,STL,CHI,42,21,258,148,39,0,80,344,84,3
2013,REG,ARI,IND,40,11,120,290,84,0,80,159,89,1
2013,REG,OAK,TEN,19,23,93,260,50,2,114,312,100,0
2013,REG,NYG,DAL,21,24,202,154,81,1,107,220,85,1
2013,REG,NE,DEN,34,31,116,324,36,3,280,132,85,4
2013,REG,WAS,SF,6,27,100,90,30,1,76,228,25,1
2013,REG,DET,GB,40,10,241,320,50,4,24,102,25,3
2013,REG,DAL,OAK,31,24,144,208,40,1,50,255,71,2
2013,REG,BAL,PIT,22,20,75,237,55,0,72,257,51,0
2013,REG,CAR,TB,27,6,163,263,25,2,66,140,30,2
2013,REG,CLE,JAC,28,32,97,342,50,3,112,202,35,1
2013,REG,IND,TEN,22,14,104,160,50,1,162,185,74,4
2013,REG,KC,DEN,28,35,159,293,102,1,132,403,75,2
2013,REG,MIN,CHI,23,20,246,250,60,1,135,345,51,1
2013,REG,NYJ,MIA,3,23,99,78,25,3,125,328,28,1
2013,REG,PHI,ARI,24,21,105,202,48,0,90,260,55,3
2013,REG,BUF,ATL,31,34,195,210,49,2,151,272,75,1
2013,REG,SF,STL,23,13,83,255,85,1,114,198,105,1
2013,REG,HOU,NE,31,34,121,264,25,1,88,365,0,1
2013,REG,SD,CIN,10,17,91,243,45,3,164,190,30,2
2013,REG,WAS,NYG,17,24,139,183,55,1,81,206,1,1
2013,REG,SEA,NO,34,7,127,302,66,0,44,144,52,1
2013,REG,JAC,HOU,27,20,149,132,57,0,83,323,177,2
2013,REG,BAL,MIN,29,26,97,228,45,3,114,265,90,1
2013,REG,CIN,IND,42,28,155,275,60,0,63,326,47,0
2013,REG,NE,CLE,27,26,87,397,41,2,108,386,75,0
2013,REG,NYJ,OAK,37,27,143,209,36,1,150,233,31,1
2013,REG,NO,CAR,31,13,69,304,45,0,128,111,35,0
2013,REG,PHI,DET,34,20,299,179,5,1,80,148,48,3
2013,REG,PIT,MIA,28,34,73,220,34,1,114,145,31,1
2013,REG,TB,BUF,27,6,165,81,76,2,67,147,114,5
2013,REG,WAS,KC,10,45,65,192,27,2,193,154,30,1
2013,REG,DEN,TEN,51,28,154,397,60,0,96,158,66,2
2013,REG,ARI,STL,30,10,107,262,31,1,100,157,90,2
2013,REG,SD,NYG,37,14,144,244,30,1,92,241,72,3
2013,REG,SF,SEA,19,17,163,155,70,1,86,178,85,1
2013,REG,GB,ATL,22,21,112,222,10,2,83,202,15,2
2013,REG,CHI,DAL,45,28,149,341,15,0,198,130,50,0
2013,REG,DEN,SD,20,27,18,277,43,1,177,160,35,0
2013,REG,ATL,WAS,27,26,54,189,71,2,103,373,66,7
2013,REG,CLE,CHI,31,38,93,273,90,2,211,261,40,3
2013,REG,IND,HOU,25,3,152,179,36,1,107,132,114,2
2013,REG,JAC,BUF,20,27,159,195,80,4,198,168,67,2
2013,REG,MIA,NE,24,20,89,289,21,1,96,357,2,1
2013,REG,MIN,PHI,48,30,85,370,25,1,79,396,94,1
2013,REG,NYG,SEA,0,23,25,156,38,5,134,193,50,1
2013,REG,STL,NO,27,16,144,158,30,0,61,371,77,3
2013,REG,TB,SF,14,33,39,144,32,2,187,189,62,0
2013,REG,TEN,ARI,34,37,66,394,16,3,145,215,69,0
2013,REG,CAR,NYJ,30,20,131,261,59,0,157,140,20,1
2013,REG,OAK,KC,31,56,130,331,90,7,78,306,91,1
2013,REG,DAL,GB,36,37,134,332,79,2,151,283,59,1
2013,REG,PIT,CIN,30,20,106,184,25,1,57,222,50,1
2013,REG,DET,BAL,16,18,119,230,89,3,90,215,60,0
2013,REG,BUF,MIA,19,0,203,187,31,1,14,89,37,2
2013,REG,CAR,NO,17,13,81,141,26,1,126,239,40,2
2013,REG,CIN,MIN,42,14,81,348,55,1,115,94,40,4
2013,REG,HOU,DEN,13,37,87,153,57,2,114,397,67,0
2013,REG,JAC,TEN,16,20,63,226,15,1,182,164,4,1
2013,REG,KC,IND,7,23,155,132,65,4,135,232,31,0
2013,REG,NYJ,CLE,24,13,208,214,35,0,115,168,24,2
2013,REG,PHI,CHI,54,11,289,225,15,1,61,196,10,2
2013,REG,STL,TB,23,13,129,148,85,2,59,111,26,2
2013,REG,WAS,DAL,23,24,100,197,44,1,95,214,42,2
2013,REG,DET,NYG,20,23,148,207,60,3,41,238,30,2
2013,REG,SEA,ARI,10,17,103,89,102,2,139,168,46,4
2013,REG,GB,PIT,31,38,151,219,90,2,151,192,58,2
2013,REG,SD,OAK,26,13,148,196,24,3,59,206,73,2
2013,REG,BAL,NE,7,41,121,237,83,4,142,158,58,0
2013,REG,SF,ATL,34,24,199,180,45,0,61,341,37,2
2013,REG,ATL,CAR,20,21,76,231,56,1,134,149,38,2
2013,REG,CHI,GB,28,33,121,224,40,2,160,313,15,2
2013,REG,CIN,BAL,34,17,111,281,76,4,47,175,56,3
2013,REG,DAL,PHI,22,24,59,358,5,3,137,229,50,1
2013,REG,IND,JAC,30,10,80,299,10,0,42,308,50,2
2013,REG,MIA,NYJ,7,20,92,204,38,3,154,220,36,0
2013,REG,MIN,DET,14,13,174,171,25,2,63,182,52,0
2013,REG,NE,BUF,34,20,267,115,31,1,169,224,54,0
2013,REG,NO,TB,42,17,98,370,94,0,75,215,78,1
2013,REG,NYG,WAS,20,6,122,156,20,3,91,160,30,4
2013,REG,PIT,CLE,20,7,120,172,15,2,79,214,30,2
2013,REG,TEN,HOU,16,10,151,160,76,1,65,223,55,4
2013,REG,ARI,SF,20,23,83,399,30,2,83,292,20,0
2013,REG,OAK,DEN,14,34,64,191,10,1,124,334,56,0
2013,REG,SD,KC,27,24,186,219,22,1,143,189,5,0
2013,REG,SEA,STL,27,9,111,158,65,0,13,145,87,2
2013,POST,IND,KC,45,44,100,436,19,4,150,363,15,1
2013,POST,PHI,NO,24,26,80,176,38,0,185,249,85,2
2013,POST,CIN,SD,10,27,113,326,38,4,196,122,28,0
2013,POST,GB,SF,20,23,124,157,20,0,167,214,10,1
2013,POST,SEA,NO,23,15,174,103,52,0,108,301,74,1
2013,POST,NE,IND,43,22,234,185,35,0,69,317,42,4
2013,POST,CAR,SF,10,23,93,232,73,2,126,189,40,0
2013,POST,DEN,SD,24,17,133,230,50,2,65,194,63,0
2013,POST,DEN,NE,26,16,107,400,34,0,64,256,15,0
2013,POST,SEA,SF,23,17,115,193,66,1,161,147,65,3
2013,POST,DEN,SEA,8,43,27,279,44,4,135,206,104,0
2014,REG,SEA,GB,36,16,207,191,69,1,80,175,65,1
2014,REG,ATL,NO,37,34,123,445,96,1,139,333,27,2
2014,REG,BAL,CIN,16,23,91,329,29,2,79,301,45,0
2014,REG,CHI,BUF,20,23,86,341,43,3,193,167,108,1
2014,REG,HOU,WAS,17,6,115,201,45,1,131,241,70,2
2014,REG,KC,TEN,10,26,67,178,25,3,162,243,110,0
2014,REG,MIA,NE,33,20,191,169,26,3,89,226,100,2
2014,REG,NYJ,OAK,19,14,212,190,105,2,25,133,20,0
2014,REG,PHI,JAC,34,17,145,275,50,3,64,242,55,1
2014,REG,PIT,CLE,30,27,127,363,96,1,183,206,55,0
2014,REG,STL,MIN,6,34,72,246,121,2,186,160,60,0
2014,REG,DAL,SF,17,28,127,255,72,4,124,192,80,0
2014,REG,TB,CAR,14,20,102,162,15,3,113,221,55,0
2014,REG,DEN,IND,31,24,102,259,70,0,54,354,45,2
2014,REG,DET,NYG,35,14,76,341,85,0,53,144,25,2
2014,REG,ARI,SD,18,17,109,294,23,2,52,238,47,1
2014,REG,BAL,PIT,26,6,157,166,35,0,99,202,75,3
2014,REG,BUF,MIA,29,10,113,202,40,0,80,210,20,2
2014,REG,CAR,DET,24,7,62,251,45,0,70,253,33,3
2014,REG,CIN,ATL,24,10,170,302,55,0,97,212,56,3
2014,REG,CLE,NO,26,24,122,202,30,0,174,223,39,2
2014,REG,MIN,NE,7,30,54,163,58,4,150,142,163,0
2014,REG,NYG,ARI,14,25,81,260,70,4,124,142,71,0
2014,REG,TEN,DAL,10,26,82,232,35,2,220,148,25,1
2014,REG,WAS,JAC,41,10,191,258,98,0,25,123,44,1
2014,REG,SD,SEA,30,21,102,276,53,0,108,180,48,1
2014,REG,TB,STL,17,19,157,175,30,1,119,220,65,1
2014,REG,DEN,KC,24,17,88,237,71,0,133,247,62,0
2014,REG,GB,NYJ,31,24,80,310,35,1,146,166,82,1
2014,REG,OAK,HOU,14,30,101,263,24,4,188,139,85,0
2014,REG,SF,CHI,20,28,129,232,118,4,46,170,58,0
2014,REG,IND,PHI,27,30,169,172,70,2,127,331,90,1
2014,REG,ATL,TB,56,14,144,344,50,4,64,153,110,5
2014,REG,BUF,SD,10,22,87,205,101,0,85,251,44,0
2014,REG,CIN,TEN,33,7,116,184,50,1,149,177,99,2
2014,REG,CLE,BAL,21,23,91,284,94,0,160,217,32,1
2014,REG,DET,GB,19,7,115,238,40,3,76,147,30,1
2014,REG,JAC,IND,17,44,105,239,15,3,144,385,46,0
2014,REG,NE,OAK,16,9,76,221,59,0,67,174,49,1
2014,REG,NO,MIN,20,9,108,288,30,0,59,188,44,0
2014,REG,NYG,HOU,30,17,193,226,31,1,119,292,40,3
2014,REG,PHI,WAS,37,34,54,325,70,1,84,427,131,1
2014,REG,STL,DAL,31,34,121,327,119,3,123,217,15,2
2014,REG,ARI,SF,23,14,84,254,36,1,82,236,107,0
2014,REG,MIA,KC,15,34,141,191,65,0,174,168,23,2
2014,REG,SEA,DEN,26,20,129,255,34,1,36,296,27,2
2014,REG,CAR,PIT,19,37,42,307,105,2,264,190,91,0
2014,REG,NYJ,CHI,19,27,114,300,78,3,60,197,95,1
2014,REG,WAS,NYG,14,45,80,243,88,6,154,295,66,1
2014,REG,BAL,CAR,38,10,127,327,40,0,67,248,59,1
2014,REG,CHI,GB,17,38,235,261,46,2,56,302,70,0
2014,REG,HOU,BUF,23,17,37,264,90,3,96,220,40,2
2014,REG,IND,TEN,41,17,105,393,88,1,85,176,68,3
2014,REG,MIN,ATL,41,28,241,317,40,0,123,288,50,2
2014,REG,NYJ,DET,17,24,132,204,32,2,88,272,33,0
2014,REG,OAK,MIA,14,38,53,264,80,4,157,278,35,3
2014,REG,PIT,TB,24,27,85,305,125,1,63,287,50,1
2014,REG,SD,JAC,33,14,42,365,57,0,85,234,32,3
2014,REG,SF,PHI,26,21,218,189,80,1,22,191,70,4
2014,REG,DAL,NO,38,17,190,255,50,0,104,334,20,3
2014,REG,KC,NE,41,14,207,236,35,0,75,215,30,3
2014,REG,GB,MIN,42,10,156,164,30,1,111,188,91,3
2014,REG,CAR,CHI,31,24,90,231,30,3,85,262,80,4
2014,REG,DAL,HOU,20,17,140,316,56,3,176,154,35,1
2014,REG,DET,BUF,14,17,69,194,62,2,49,294,74,1
2014,REG,IND,BAL,20,13,117,305,83,4,90,197,36,3
2014,REG,JAC,PIT,9,17,56,187,34,2,111,261,50,1
2014,REG,NO,TB,37,31,140,371,50,3,66,248,113,1
2014,REG,NYG,ATL,30,20,124,193,15,2,90,307,81,1
2014,REG,PHI,STL,34,28,145,207,39,3,125,341,82,3
2014,REG,TEN,CLE,28,29,149,261,68,0,175,285,74,1
2014,REG,DEN,ARI,41,20,92,476,67,2,37,178,15,0
2014,REG,SD,NYJ,31,0,162,277,76,1,91,60,94,2
2014,REG,SF,KC,22,17,171,186,10,0,90,175,29,1
2014,REG,NE,CIN,43,17,220,285,114,0,79,241,37,3
2014,REG,WAS,SEA,17,27,32,275,30,0,225,178,90,0
2014,REG,HOU,IND,28,33,136,196,66,2,93,363,51,2
2014,REG,ATL,CHI,13,27,42,245,52,1,110,368,47,0
2014,REG,BUF,NE,22,37,68,268,107,3,50,346,60,0
2014,REG,CIN,CAR,37,37,193,320,119,2,147,284,60,1
2014,REG,CLE,PIT,31,10,158,210,60,1,138,221,42,1
2014,REG,MIA,GB,24,27,112,240,25,3,121,248,44,0
2014,REG,MIN,DET,3,17,69,143,60,3,100,155,40,0
2014,REG,NYJ,DEN,17,31,31,173,9,2,138,221,101,0
2014,REG,TB,BAL,17,48,87,277,43,1,169,306,70,1
2014,REG,TEN,JAC,16,14,70,220,48,0,82,297,35,2
2014,REG,OAK,SD,28,31,114,283,79,1,116,307,60,0
2014,REG,ARI,WAS,30,20,74,243,108,0,72,335,62,4
2014,REG,SEA,DAL,23,30,80,126,58,1,162,239,46,2
2014,REG,PHI,NYG,27,0,203,245,25,2,85,168,74,1
2014,REG,STL,SF,17,31,93,216,38,1,89,343,23,1
2014,REG,NE,NYJ,27,25,63,260,64,0,218,205,70,0
2014,REG,BAL,ATL,29,7,123,248,72,3,68,186,76,1
2014,REG,BUF,MIN,17,16,118,255,48,4,158,118,50,2
2014,REG,CHI,MIA,14,27,52,172,15,3,137,256,84,0
2014,REG,DET,NO,24,23,59,285,71,2,73,335,134,2
2014,REG,GB,CAR,38,17,122,241,29,0,108,223,70,1
2014,REG,IND,CIN,27,0,171,335,57,2,32,103,20,0
2014,REG,JAC,CLE,24,6,187,151,25,3,69,197,50,3
2014,REG,STL,SEA,28,26,102,170,20,0,171,292,89,0
2014,REG,WAS,TEN,19,17,100,251,50,2,76,160,96,2
2014,REG,SD,KC,20,23,69,182,49,1,154,211,73,0
2014,REG,DAL,NYG,31,21,156,267,46,1,104,248,40,2
2014,REG,OAK,ARI,13,24,56,164,74,0,123,242,43,1
2014,REG,DEN,SF,42,17,115,304,75,0,62,248,62,1
2014,REG,PIT,HOU,30,23,76,252,38,1,132,261,20,3
2014,REG,DEN,SD,35,21,139,286,71,0,61,245,77,2
2014,REG,ATL,DET,21,22,78,213,39,1,60,325,85,1
2014,REG,CAR,SEA,9,13,114,152,20,2,119,191,41,2
2014,REG,CIN,BAL,27,24,111,239,40,2,107,187,51,2
2014,REG,JAC,MIA,13,27,176,201,37,3,148,178,52,1
2014,REG,KC,STL,34,7,143,218,51,1,84,116,68,1
2014,REG,NE,CHI,51,23,122,365,38,0,153,231,41,2
2014,REG,NYJ,BUF,23,43,175,137,90,6,67,213,49,0
2014,REG,TB,MIN,13,19,66,159,52,2,97,235,59,0
2014,REG,TEN,HOU,16,30,36,290,61,2,212,193,35,0
2014,REG,ARI,PHI,24,20,71,329,95,1,110,411,103,3
2014,REG,CLE,OAK,23,13,39,267,30,0,71,316,54,3
2014,REG,PIT,IND,51,34,117,522,59,2,63,385,43,2
2014,REG,NO,GB,44,23,193,302,35,1,89,402,84,3
2014,REG,DAL,WAS,17,20,166,224,35,2,123,286,45,1
2014,REG,CAR,NO,10,28,109,122,67,2,105,270,36,2
2014,REG,CIN,JAC,33,23,191,232,40,2,132,233,35,1
2014,REG,CLE,TB,22,17,50,280,44,2,113,252,33,2
2014,REG,DAL,ARI,17,28,92,174,33,2,102,237,62,1
2014,REG,HOU,PHI,21,31,118,182,54,1,190,293,55,4
2014,REG,KC,NYJ,24,10,113,196,20,0,139,225,40,0
2014,REG,MIA,SD,37,0,132,309,15,0,50,128,42,4
2014,REG,MIN,WAS,29,26,100,252,60,0,122,225,55,1
2014,REG,SF,STL,10,13,80,183,44,2,91,102,83,2
2014,REG,NE,DEN,43,21,66,332,71,1,43,429,72,2
2014,REG,SEA,OAK,30,24,149,177,65,0,37,189,69,3
2014,REG,PIT,BAL,43,23,55,321,67,1,63,269,108,2
2014,REG,NYG,IND,24,40,89,349,30,1,98,345,30,0
2014,REG,CIN,CLE,3,24,86,79,55,4,170,198,62,1
2014,REG,BAL,TEN,21,7,151,161,40,0,67,143,67,2
2014,REG,BUF,KC,13,17,111,253,44,3,127,151,19,1
2014,REG,DET,MIA,20,16,63,288,98,1,50,186,44,2
2014,REG,JAC,DAL,17,31,71,262,19,3,151,248,65,1
2014,REG,NO,SF,24,27,136,287,43,3,144,186,15,1
2014,REG,NYJ,PIT,20,13,150,125,75,0,36,326,20,4
2014,REG,TB,ATL,17,27,92,281,79,3,110,212,30,0
2014,REG,OAK,DEN,17,41,30,192,37,3,118,353,95,2
2014,REG,ARI,STL,31,14,28,307,35,1,70,174,80,3
2014,REG,SEA,NYG,38,17,350,160,50,3,54,270,35,2
2014,REG,GB,CHI,55,14,132,319,50,1,55,256,163,3
2014,REG,PHI,CAR,45,21,37,328,50,0,102,215,30,5
2014,REG,MIA,BUF,22,9,125,205,30,2,54,183,70,0
2014,REG,CAR,ATL,17,19,106,285,15,2,86,260,58,1
2014,REG,CHI,MIN,21,13,138,330,60,2,96,147,18,1
2014,REG,CLE,HOU,7,23,58,317,67,2,213,211,55,1
2014,REG,GB,PHI,53,20,110,365,52,0,109,320,53,4
2014,REG,KC,SEA,24,20,190,108,6,2,204,168,50,0
2014,REG,NO,CIN,10,27,75,255,34,1,186,219,33,0
2014,REG,NYG,SF,10,16,65,265,54,5,148,185,35,2
2014,REG,STL,DEN,22,7,131,206,25,0,28,369,62,2
2014,REG,WAS,TB,7,27,155,167,67,3,48,281,101,1
2014,REG,SD,OAK,13,6,120,180,40,0,71,162,41,1
2014,REG,ARI,DET,14,6,46,306,35,2,98,164,80,1
2014,REG,IND,NE,20,42,19,303,29,1,244,257,53,2
2014,REG,TEN,PIT,24,27,49,263,10,1,206,180,39,1
2014,REG,OAK,KC,24,20,179,172,60,1,96,216,59,0
2014,REG,ATL,CLE,24,26,63,252,40,2,162,313,30,3
2014,REG,BUF,NYJ,38,3,116,220,24,0,92,126,60,1
2014,REG,CHI,TB,21,13,92,112,45,1,66,301,87,4
2014,REG,HOU,CIN,13,22,64,184,15,1,139,233,60,1
2014,REG,IND,JAC,23,3,175,214,54,3,80,114,43,2
2014,REG,MIN,GB,21,24,112,196,77,1,155,207,75,0
2014,REG,NE,DET,34,9,90,349,84,1,91,244,54,1
2014,REG,PHI,TEN,43,24,164,298,69,2,52,299,56,3
2014,REG,SD,STL,27,24,128,282,85,3,103,210,90,3
2014,REG,SEA,ARI,19,3,124,169,74,0,64,140,25,1
2014,REG,DEN,MIA,39,36,201,249,98,1,97,216,50,1
2014,REG,SF,WAS,17,13,66,246,47,3,136,77,56,1
2014,REG,NYG,DAL,28,31,89,328,30,1,119,266,63,1
2014,REG,NO,BAL,27,34,126,399,50,1,215,234,42,1
2014,REG,DET,CHI,34,17,91,383,38,1,13,256,41,2
2014,REG,DAL,PHI,10,33,93,174,42,3,256,208,20,1
2014,REG,SF,SEA,3,19,64,100,20,3,157,222,105,0
2014,REG,BAL,SD,33,34,125,225,98,0,64,376,91,2
2014,REG,BUF,CLE,26,10,106,181,45,2,74,241,76,3
2014,REG,HOU,TEN,45,21,99,358,40,1,83,237,66,4
2014,REG,IND,WAS,49,27,126,361,94,3,84,341,78,1
2014,REG,JAC,NYG,25,24,118,140,49,0,116,213,40,3
2014,REG,MIN,CAR,31,13,92,118,25,0,178,170,35,1
2014,REG,PIT,NO,32,35,103,435,28,2,143,250,77,0
2014,REG,STL,OAK,52,0,172,176,60,0,61,183,73,5
2014,REG,TB,CIN,13,14,75,188,94,1,112,176,73,3
2014,REG,ATL,ARI,29,18,142,358,76,1,35,294,34,3
2014,REG,GB,NE,26,21,130,348,22,0,84,236,25,0
2014,REG,KC,DEN,16,29,41,110,35,3,214,174,32,1
2014,REG,NYJ,MIA,13,16,277,49,57,1,74,217,20,1
2014,REG,CHI,DAL,28,41,35,341,54,2,194,203,97,0
2014,REG,CIN,PIT,21,42,86,322,54,2,193,350,20,0
2014,REG,CLE,IND,24,25,111,137,85,2,93,269,40,4
2014,REG,DET,TB,34,17,113,294,122,1,26,207,50,3
2014,REG,JAC,HOU,13,27,74,188,40,1,173,131,64,0
2014,REG,MIA,BAL,13,28,63,186,30,0,183,264,36,1
2014,REG,MIN,NYJ,30,24,114,297,70,2,168,242,40,2
2014,REG,NO,CAR,10,41,92,218,30,2,271,226,55,0
2014,REG,TEN,NYG,7,36,61,146,39,3,142,260,70,1
2014,REG,WAS,STL,0,24,27,179,51,2,131,198,98,0
2014,REG,ARI,KC,17,14,141,225,40,0,126,264,75,2
2014,REG,DEN,BUF,24,17,133,173,45,3,74,341,98,3
2014,REG,OAK,SF,24,13,94,236,84,0,97,151,50,2
2014,REG,PHI,SEA,14,24,57,82,69,2,188,252,67,2
2014,REG,SD,NE,14,23,53,163,61,1,87,310,70,2
2014,REG,GB,ATL,43,37,179,323,40,0,91,374,11,1
2014,REG,STL,ARI,6,12,69,211,69,2,143,131,59,0
2014,REG,ATL,PIT,20,27,97,310,25,1,45,353,34,0
2014,REG,BAL,JAC,20,12,93,221,70,1,82,166,60,1
2014,REG,BUF,GB,21,13,113,140,75,1,158,175,70,2
2014,REG,CAR,TB,19,17,121,269,25,1,151,136,29,3
2014,REG,CLE,CIN,0,30,53,54,68,2,244,103,41,1
2014,REG,DET,MIN,16,14,80,153,35,0,76,284,25,2
2014,REG,IND,HOU,17,10,110,168,45,2,137,152,66,2
2014,REG,KC,OAK,31,13,93,295,84,1,78,202,75,1
2014,REG,NE,MIA,41,13,108,287,51,1,76,308,35,2
2014,REG,NYG,WAS,24,13,49,238,60,1,144,228,135,1
2014,REG,SD,DEN,10,22,56,232,65,2,111,226,71,0
2014,REG,TEN,NYJ,11,16,89,253,76,1,114,163,46,0
2014,REG,SEA,SF,17,7,152,138,50,1,140,105,78,0
2014,REG,PHI,DAL,27,38,75,219,95,4,115,249,79,1
2014,REG,CHI,NO,15,31,125,153,74,3,83,360,25,1
2014,REG,JAC,TEN,21,13,177,111,25,0,95,262,47,0
2014,REG,WAS,PHI,27,24,100,205,15,2,134,361,102,2
2014,REG,SF,SD,35,38,355,92,92,3,98,348,38,3
2014,REG,CAR,CLE,17,13,209,195,49,2,84,144,49,1
2014,REG,CHI,DET,14,20,64,170,86,1,138,229,60,3
2014,REG,HOU,BAL,25,13,123,190,69,1,33,178,56,3
2014,REG,MIA,MIN,37,35,116,377,54,2,119,238,74,1
2014,REG,NO,ATL,14,30,57,266,25,4,81,322,64,0
2014,REG,NYJ,NE,16,17,116,191,14,1,85,146,38,1
2014,REG,PIT,KC,20,12,68,214,40,0,39,288,39,1
2014,REG,TB,GB,3,20,16,93,30,1,121,310,40,1
2014,REG,STL,NYG,27,37,106,281,76,3,128,386,149,0
2014,REG,DAL,IND,42,7,127,250,67,1,1,228,55,3
2014,REG,OAK,BUF,26,24,140,207,35,0,13,308,55,2
2014,REG,ARI,SEA,6,35,29,187,5,1,267,329,97,0
2014,REG,CIN,DEN,37,28,207,146,45,2,85,300,72,4
2014,REG,ATL,CAR,3,34,63,225,36,3,194,112,36,0
2014,REG,BAL,CLE,20,10,129,290,55,0,109,150,58,2
2014,REG,GB,DET,30,20,152,225,40,2,111,202,53,1
2014,REG,HOU,JAC,23,17,123,235,55,2,121,112,25,0
2014,REG,KC,SD,19,7,111,140,46,0,112,249,67,3
2014,REG,MIA,NYJ,24,37,179,208,40,1,104,390,40,1
2014,REG,MIN,CHI,13,9,121,190,25,1,99,165,50,0
2014,REG,NE,BUF,9,17,116,144,55,0,104,164,44,1
2014,REG,NYG,PHI,26,34,76,429,106,1,164,262,35,1
2014,REG,PIT,CIN,27,17,29,317,10,3,116,221,45,3
2014,REG,TB,NO,20,23,183,97,23,1,70,268,15,3
2014,REG,TEN,IND,10,27,142,50,20,1,64,314,20,0
2014,REG,WAS,DAL,17,44,104,309,101,4,174,283,48,1
2014,REG,DEN,OAK,47,14,142,309,16,1,67,132,86,2
2014,REG,SF,ARI,20,17,206,189,78,0,98,299,21,3
2014,REG,SEA,STL,20,6,132,222,20,2,42,203,45,3
2014,POST,CAR,ARI,27,16,188,198,80,3,27,51,38,3
2014,POST,PIT,BAL,17,30,68,319,114,3,49,246,14,1
2014,POST,IND,CIN,26,10,114,368,66,1,110,144,45,1
2014,POST,DAL,DET,24,20,73,242,46,1,90,307,44,3
2014,POST,NE,BAL,35,31,14,408,60,1,136,292,65,2
2014,POST,SEA,CAR,31,17,100,248,60,0,132,230,35,3
2014,POST,GB,DAL,26,21,119,306,87,1,145,170,35,1
2014,POST,DEN,IND,13,24,88,200,8,1,99,265,67,2
2014,POST,SEA,GB,28,22,194,203,40,5,135,171,45,2
2014,POST,NE,IND,45,7,177,220,45,1,83,126,23,3
2014,POST,SEA,NE,24,28,162,234,70,1,57,320,36,2
2015,REG,NE,PIT,28,21,80,281,64,0,134,330,77,1
2015,REG,CHI,GB,23,31,189,213,64,1,133,189,74,0
2015,REG,STL,SEA,34,31,76,276,30,3,124,219,46,1
2015,REG,JAC,CAR,9,20,96,169,25,3,105,158,22,1
2015,REG,WAS,MIA,10,17,161,188,88,2,74,182,39,1
2015,REG,BUF,IND,27,14,147,195,113,0,64,240,49,3
2015,REG,NYJ,CLE,31,10,154,179,30,1,104,217,109,5
2015,REG,HOU,KC,20,27,98,298,39,2,97,233,25,0
2015,REG,ARI,NO,31,19,120,307,30,1,54,354,73,1
2015,REG,SD,DET,33,28,95,388,40,3,69,233,29,2
2015,REG,DEN,BAL,19,13,69,150,45,1,73,100,15,2
2015,REG,OAK,CIN,13,33,63,183,32,2,127,269,50,0
2015,REG,TB,TEN,14,42,92,181,97,2,124,185,55,1
2015,REG,DAL,NYG,27,26,80,356,35,3,99,190,44,0
2015,REG,ATL,PHI,26,24,105,290,57,2,63,336,88,2
2015,REG,SF,MIN,20,3,230,165,57,1,71,177,25,1
2015,REG,KC,DEN,24,31,144,170,60,5,61,238,85,1
2015,REG,CAR,HOU,24,17,172,178,92,1,61,239,70,1
2015,REG,BUF,NE,32,40,160,189,140,3,56,451,119,2
2015,REG,CIN,SD,24,19,175,214,75,2,131,223,64,3
2015,REG,CLE,TEN,28,14,116,158,40,0,166,219,85,3
2015,REG,NYG,ATL,20,24,97,291,35,1,56,346,65,0
2015,REG,WAS,STL,24,10,182,191,53,1,67,146,80,0
2015,REG,CHI,ARI,23,48,109,226,170,2,115,185,58,2
2015,REG,MIN,DET,26,16,199,151,97,1,38,285,39,3
2015,REG,NO,TB,19,26,104,219,115,3,139,194,90,2
2015,REG,PIT,SF,43,18,84,369,58,0,111,298,46,1
2015,REG,OAK,BAL,37,33,97,351,106,1,109,384,109,2
2015,REG,JAC,MIA,23,20,123,273,93,0,42,344,112,0
2015,REG,PHI,DAL,10,20,7,219,60,3,109,250,142,2
2015,REG,GB,SEA,27,17,127,234,35,1,119,205,92,2
2015,REG,IND,NYJ,7,20,93,250,84,5,101,243,90,1
2015,REG,NYG,WAS,32,21,84,279,67,0,88,305,58,3
2015,REG,DAL,ATL,28,39,127,220,31,1,158,280,70,0
2015,REG,CAR,NO,27,22,119,312,88,0,70,310,55,2
2015,REG,NYJ,PHI,17,24,47,276,53,4,123,108,21,1
2015,REG,HOU,TB,19,9,186,227,58,1,57,261,84,1
2015,REG,MIN,SD,31,14,163,121,39,1,90,279,74,2
2015,REG,STL,PIT,6,12,71,187,97,1,62,197,63,1
2015,REG,NE,JAC,51,17,125,346,30,0,57,236,114,1
2015,REG,BAL,CIN,24,28,36,362,116,1,86,372,67,2
2015,REG,CLE,OAK,20,27,39,316,50,2,155,314,85,1
2015,REG,TEN,IND,33,35,88,345,55,2,133,245,71,2
2015,REG,ARI,SF,47,7,139,307,24,1,103,53,45,4
2015,REG,SEA,CHI,26,0,159,212,41,0,98,48,40,0
2015,REG,MIA,BUF,14,41,102,289,36,3,151,277,40,0
2015,REG,DET,DEN,12,24,28,258,76,3,41,313,95,2
2015,REG,GB,KC,38,28,123,325,89,0,75,251,38,1
2015,REG,PIT,BAL,20,23,167,96,20,0,191,165,30,2
2015,REG,MIA,NYJ,14,27,59,167,80,2,207,218,163,1
2015,REG,CHI,OAK,22,20,98,273,48,3,70,173,47,2
2015,REG,ATL,HOU,48,21,135,243,80,0,54,374,35,4
2015,REG,CIN,KC,36,21,124,321,84,0,113,348,46,1
2015,REG,IND,JAC,16,13,60,266,45,2,142,289,92,0
2015,REG,WAS,PHI,23,20,127,290,110,1,87,233,72,2
2015,REG,TB,CAR,23,37,141,270,48,5,133,111,45,1
2015,REG,BUF,NYG,10,24,55,258,135,2,92,211,85,1
2015,REG,SD,CLE,30,27,91,347,31,0,100,332,91,1
2015,REG,SF,GB,3,17,77,119,30,1,162,200,65,0
2015,REG,ARI,STL,22,24,113,334,20,3,164,164,66,0
2015,REG,DEN,MIN,23,20,144,200,40,2,113,212,63,1
2015,REG,NO,DAL,26,20,103,335,64,0,115,220,30,0
2015,REG,SEA,DET,13,10,110,235,30,3,53,203,37,1
2015,REG,HOU,IND,20,27,82,362,125,2,110,213,65,0
2015,REG,PHI,NO,39,17,186,333,35,2,96,292,78,4
2015,REG,KC,CHI,17,18,117,170,49,0,87,241,49,1
2015,REG,CIN,SEA,27,24,109,310,50,2,200,197,112,1
2015,REG,ATL,WAS,25,19,176,242,62,3,51,219,51,2
2015,REG,TB,JAC,38,31,183,186,72,0,55,270,12,2
2015,REG,BAL,CLE,30,33,181,196,98,0,83,422,74,0
2015,REG,TEN,BUF,13,14,97,179,74,1,127,82,62,1
2015,REG,GB,STL,24,10,86,236,67,3,191,143,40,4
2015,REG,DET,ARI,17,42,57,379,85,6,187,158,70,0
2015,REG,DAL,NE,6,30,100,164,50,2,109,247,65,0
2015,REG,OAK,DEN,10,16,65,223,41,3,43,254,103,2
2015,REG,NYG,SF,30,27,84,441,65,1,124,256,28,0
2015,REG,SD,PIT,20,24,52,354,54,2,155,194,86,1
2015,REG,NO,ATL,31,21,81,304,15,0,150,263,41,3
2015,REG,DET,CHI,37,34,155,391,98,3,91,353,76,1
2015,REG,NYJ,WAS,34,20,221,253,5,3,34,191,15,2
2015,REG,PIT,ARI,25,13,141,169,48,0,55,414,111,3
2015,REG,MIN,KC,16,10,84,237,50,2,57,271,95,1
2015,REG,BUF,CIN,21,34,112,256,93,1,112,243,20,0
2015,REG,CLE,DEN,23,26,109,189,30,3,152,290,81,3
2015,REG,TEN,MIA,10,38,63,236,50,4,180,254,97,2
2015,REG,JAC,HOU,20,31,83,311,64,3,95,287,69,0
2015,REG,SEA,CAR,23,27,115,217,48,0,135,248,25,2
2015,REG,GB,SD,27,20,133,237,50,0,60,488,76,1
2015,REG,SF,BAL,25,20,65,326,25,0,77,343,15,2
2015,REG,IND,NE,27,34,120,289,103,0,116,301,72,1
2015,REG,PHI,NYG,27,7,155,270,72,4,81,170,92,3
2015,REG,SF,SEA,3,20,61,81,33,0,176,212,50,2
2015,REG,JAC,BUF,34,31,120,175,66,1,115,260,87,4
2015,REG,STL,CLE,24,6,158,150,75,1,82,282,98,4
2015,REG,MIA,HOU,44,26,248,255,52,1,71,251,25,1
2015,REG,NE,NYJ,30,23,16,337,38,0,89,283,29,1
2015,REG,KC,PIT,23,13,138,239,66,0,147,192,5,3
2015,REG,WAS,TB,31,30,50,305,20,1,190,289,142,1
2015,REG,DET,MIN,19,28,77,197,30,0,140,285,31,1
2015,REG,IND,NO,21,27,75,301,42,3,183,266,100,1
2015,REG,TEN,ATL,7,10,77,179,45,2,127,251,53,2
2015,REG,SD,OAK,29,37,90,327,86,2,130,282,136,0
2015,REG,NYG,DAL,27,20,132,157,13,0,233,227,46,4
2015,REG,CAR,PHI,27,16,204,190,43,3,177,172,46,1
2015,REG,ARI,BAL,26,18,150,264,40,0,55,221,64,2
2015,REG,NE,MIA,36,7,95,342,69,0,15,255,40,2
2015,REG,KC,DET,45,10,206,134,20,0,81,195,81,2
2015,REG,BAL,SD,29,26,72,293,46,0,81,290,66,0
2015,REG,PIT,CIN,10,16,116,240,91,3,78,218,94,2
2015,REG,HOU,TEN,20,6,56,214,85,0,86,125,45,3
2015,REG,CHI,MIN,20,23,97,208,38,0,147,180,35,1
2015,REG,ATL,TB,20,23,101,395,124,4,117,173,43,0
2015,REG,NO,NYG,52,49,103,511,93,2,87,329,53,1
2015,REG,STL,SF,27,6,197,191,93,1,38,151,93,0
2015,REG,CLE,ARI,20,34,39,215,35,2,119,372,25,4
2015,REG,OAK,NYJ,34,20,118,333,61,0,74,292,40,1
2015,REG,DAL,SEA,12,13,129,91,40,0,113,210,40,1
2015,REG,DEN,GB,29,10,160,340,93,1,90,50,15,0
2015,REG,CAR,IND,29,26,140,239,55,3,136,223,15,4
2015,REG,CIN,CLE,31,10,152,219,20,0,69,144,28,0
2015,REG,MIN,STL,21,18,145,148,67,1,160,160,87,0
2015,REG,CAR,GB,37,29,130,297,45,1,71,331,87,2
2015,REG,NE,WAS,27,10,161,299,43,2,37,213,27,2
2015,REG,NO,TEN,28,34,59,357,75,2,112,371,66,1
2015,REG,BUF,MIA,33,17,266,154,94,0,106,291,62,1
2015,REG,NYJ,JAC,28,23,29,261,41,0,98,338,30,4
2015,REG,PIT,OAK,38,35,195,402,42,2,139,301,21,4
2015,REG,TB,NYG,18,32,136,249,79,3,114,213,49,2
2015,REG,SF,ATL,17,16,133,185,30,2,17,285,63,0
2015,REG,IND,DEN,27,24,120,245,30,0,35,274,56,2
2015,REG,DAL,PHI,27,33,134,277,58,1,172,287,70,0
2015,REG,SD,CHI,19,22,77,262,54,1,109,337,55,2
2015,REG,NYJ,BUF,17,22,128,190,20,4,148,132,44,0
2015,REG,WAS,NO,47,14,225,301,26,0,158,192,50,2
2015,REG,GB,DET,16,18,47,325,55,0,45,242,35,2
2015,REG,TB,DAL,10,6,81,246,62,2,42,174,68,1
2015,REG,TEN,CAR,10,27,64,178,30,2,119,184,45,0
2015,REG,STL,CHI,13,37,94,191,57,2,153,244,44,2
2015,REG,PHI,MIA,19,20,83,353,54,1,99,190,84,0
2015,REG,BAL,JAC,20,22,89,308,122,4,90,167,30,1
2015,REG,PIT,CLE,30,9,60,399,50,2,15,327,188,3
2015,REG,OAK,MIN,14,30,84,287,82,2,263,122,15,0
2015,REG,NYG,NE,26,27,80,342,49,1,77,329,93,2
2015,REG,DEN,KC,13,29,69,152,55,5,106,197,102,0
2015,REG,SEA,ARI,32,39,115,228,131,1,117,334,71,3
2015,REG,CIN,HOU,6,10,73,183,70,2,82,174,54,1
2015,REG,JAC,TEN,19,13,90,218,88,2,104,212,59,1
2015,REG,CHI,DEN,15,17,86,261,0,2,170,219,118,0
2015,REG,DET,OAK,18,13,109,266,55,0,50,164,31,0
2015,REG,ATL,IND,21,24,100,275,69,4,74,202,42,3
2015,REG,HOU,NYJ,24,17,123,241,54,1,70,197,54,2
2015,REG,PHI,TB,17,45,136,247,25,4,283,238,82,1
2015,REG,MIN,GB,13,30,94,248,110,1,124,196,19,0
2015,REG,CAR,WAS,44,16,142,226,66,0,14,172,68,5
2015,REG,MIA,DAL,14,24,70,140,74,1,166,220,79,2
2015,REG,BAL,STL,16,13,96,292,137,2,82,131,35,4
2015,REG,ARI,CIN,34,31,82,301,40,2,99,278,108,1
2015,REG,SEA,SF,29,13,255,253,51,0,59,247,42,0
2015,REG,SD,KC,3,33,52,149,39,2,153,232,35,0
2015,REG,NE,BUF,20,13,85,271,61,1,94,225,44,1
2015,REG,DET,PHI,45,14,108,322,29,0,68,159,30,1
2015,REG,DAL,CAR,14,33,31,179,40,3,129,165,53,0
2015,REG,GB,CHI,13,17,177,188,38,2,101,189,95,0
2015,REG,WAS,NYG,20,14,105,302,80,0,33,299,35,3
2015,REG,ATL,MIN,10,20,116,213,78,3,191,174,53,1
2015,REG,CIN,STL,31,7,140,236,35,1,94,251,45,3
2015,REG,HOU,NO,24,6,167,195,40,1,50,218,82,1
2015,REG,IND,TB,25,12,27,309,45,0,132,212,95,1
2015,REG,NYJ,MIA,38,20,137,274,40,0,12,321,45,2
2015,REG,JAC,SD,25,31,102,318,35,1,79,290,70,0
2015,REG,TEN,OAK,21,24,44,205,25,2,84,323,94,2
2015,REG,KC,BUF,30,22,158,255,58,0,129,286,91,2
2015,REG,SF,ARI,13,19,67,301,81,2,70,267,47,0
2015,REG,SEA,PIT,39,30,100,336,76,0,58,480,65,4
2015,REG,DEN,NE,30,24,179,254,46,1,39,262,47,1
2015,REG,CLE,BAL,27,33,63,275,15,0,104,232,50,2
2015,REG,DET,GB,23,27,101,205,108,1,67,246,55,1
2015,REG,NYG,NYJ,20,23,74,281,60,1,90,373,61,1
2015,REG,BUF,HOU,30,21,187,203,42,0,126,275,89,1
2015,REG,MIA,BAL,15,13,137,82,31,1,94,281,36,2
2015,REG,CLE,CIN,3,37,68,205,84,2,144,233,55,0
2015,REG,TEN,JAC,42,39,210,257,38,2,81,302,21,1
2015,REG,CHI,SF,20,26,170,194,72,1,121,170,50,0
2015,REG,MIN,SEA,7,38,31,94,95,1,173,260,65,1
2015,REG,NO,CAR,38,41,70,264,104,1,175,322,87,3
2015,REG,TB,ATL,23,19,166,222,53,2,64,255,58,1
2015,REG,STL,ARI,3,27,66,146,104,1,175,349,25,0
2015,REG,OAK,KC,20,34,99,262,21,3,89,143,88,2
2015,REG,SD,DEN,3,17,93,179,72,3,134,159,18,1
2015,REG,NE,PHI,28,35,103,324,30,2,128,120,97,2
2015,REG,PIT,IND,45,10,158,364,48,2,54,186,30,3
2015,REG,WAS,DAL,16,19,73,193,73,1,97,220,70,3
2015,REG,ARI,MIN,23,20,97,296,30,0,72,317,25,3
2015,REG,PHI,BUF,23,20,116,232,55,1,152,260,101,2
2015,REG,NYJ,TEN,30,8,183,256,20,0,24,268,20,1
2015,REG,CIN,PIT,20,33,64,321,27,3,84,270,82,1
2015,REG,HOU,NE,6,27,87,102,36,1,116,197,46,1
2015,REG,JAC,IND,51,16,154,226,40,2,95,227,85,2
2015,REG,KC,SD,10,3,150,179,53,2,44,236,48,1
2015,REG,CHI,WAS,21,24,87,290,79,1,99,275,63,1
2015,REG,CAR,ATL,38,0,142,282,60,0,54,176,54,4
2015,REG,TB,NO,17,24,115,176,80,0,87,301,95,0
2015,REG,STL,DET,21,14,203,114,48,2,111,220,45,1
2015,REG,CLE,SF,24,10,230,251,71,2,71,150,40,0
2015,REG,DEN,OAK,12,15,34,276,27,2,27,99,70,0
2015,REG,GB,DAL,28,7,230,205,69,0,171,99,30,1
2015,REG,BAL,SEA,6,35,28,274,94,2,123,301,42,1
2015,REG,MIA,NYG,24,31,128,235,123,1,92,337,25,1
2015,REG,STL,TB,31,23,98,221,35,0,146,363,56,2
2015,REG,DAL,NYJ,16,19,133,176,54,4,73,299,61,1
2015,REG,NYG,CAR,35,38,161,245,47,2,171,309,88,1
2015,REG,PHI,ARI,17,40,74,350,38,4,230,263,10,0
2015,REG,MIN,CHI,38,17,129,221,45,0,94,199,39,2
2015,REG,JAC,ATL,17,23,72,285,62,1,83,245,43,1
2015,REG,IND,HOU,10,16,50,140,94,2,155,150,48,2
2015,REG,NE,TEN,33,16,93,253,35,1,59,223,29,3
2015,REG,BAL,KC,14,34,93,273,63,3,113,164,55,0
2015,REG,WAS,BUF,35,25,123,308,6,1,240,212,56,0
2015,REG,SEA,CLE,30,13,182,241,30,0,94,136,40,1
2015,REG,OAK,GB,20,30,120,252,95,2,103,190,75,2
2015,REG,PIT,DEN,34,27,23,354,63,2,104,281,127,2
2015,REG,SD,MIA,30,14,140,302,48,2,44,187,72,1
2015,REG,SF,CIN,14,24,55,263,98,4,68,174,45,1
2015,REG,NO,DET,27,35,69,330,28,0,150,246,92,1
2015,REG,OAK,SD,23,20,106,175,121,1,72,271,75,1
2015,REG,PHI,WAS,24,38,45,353,45,2,67,351,70,0
2015,REG,NO,JAC,38,27,135,402,40,0,65,347,55,2
2015,REG,MIA,IND,12,18,82,279,50,1,100,168,60,0
2015,REG,NYJ,NE,26,20,143,285,39,1,63,221,7,1
2015,REG,TEN,HOU,6,34,30,227,43,4,128,202,28,1
2015,REG,KC,CLE,17,13,136,122,33,1,232,136,83,1
2015,REG,DET,SF,32,17,87,284,71,0,121,201,65,1
2015,REG,MIN,NYG,49,17,218,150,10,0,91,272,48,3
2015,REG,ATL,CAR,20,13,77,296,20,1,155,113,40,1
2015,REG,TB,CHI,21,26,104,285,47,3,174,153,25,0
2015,REG,BUF,DAL,16,6,236,172,62,2,121,186,65,2
2015,REG,ARI,GB,38,8,121,260,119,2,101,77,59,4
2015,REG,SEA,STL,17,23,60,253,83,3,104,103,60,0
2015,REG,BAL,PIT,20,17,121,265,121,0,110,193,25,2
2015,REG,DEN,CIN,20,17,113,277,40,1,108,186,45,1
2015,REG,BUF,NYJ,22,17,113,182,45,1,122,178,41,3
2015,REG,MIA,NE,20,10,96,342,93,0,70,126,41,0
2015,REG,CIN,BAL,24,16,145,147,72,0,59,282,38,2
2015,REG,CLE,PIT,12,28,86,177,47,4,30,349,45,3
2015,REG,HOU,JAC,30,6,160,242,55,1,32,183,53,4
2015,REG,IND,TEN,30,24,127,200,71,1,137,94,60,1
2015,REG,KC,OAK,23,17,189,150,55,2,48,157,59,1
2015,REG,DAL,WAS,23,34,100,412,44,4,146,291,20,0
2015,REG,NYG,PHI,30,35,208,294,10,1,120,315,11,2
2015,REG,CHI,DET,20,24,108,234,15,3,67,282,21,0
2015,REG,GB,MIN,13,20,76,274,54,2,151,91,37,2
2015,REG,ATL,NO,17,20,92,327,32,2,67,323,45,1
2015,REG,CAR,TB,38,10,111,255,33,2,77,309,65,3
2015,REG,DEN,SD,27,20,210,293,35,5,110,207,45,1
2015,REG,ARI,SEA,6,36,27,205,43,3,145,209,70,0
2015,REG,SF,STL,19,16,108,350,60,1,133,231,105,0
2015,POST,HOU,KC,0,30,114,112,29,5,141,173,52,1
2015,POST,CIN,PIT,16,18,91,188,79,4,167,202,142,2
2015,POST,MIN,SEA,9,10,58,125,46,1,97,129,65,1
2015,POST,WAS,GB,18,35,84,270,55,1,141,205,23,1
2015,POST,NE,KC,27,20,38,302,24,0,135,243,40,1
2015,POST,ARI,GB,26,20,40,328,26,2,135,251,55,1
2015,POST,CAR,SEA,31,24,144,151,25,0,78,325,20,2
2015,POST,DEN,PIT,23,16,109,215,49,0,85,311,38,1
2015,POST,DEN,NE,20,18,99,145,51,1,44,292,53,2
2015,POST,CAR,ARI,49,15,152,324,45,1,60,227,51,7
2015,POST,DEN,CAR,24,10,90,104,51,2,118,197,102,4
2016,REG,DEN,CAR,21,20,148,159,22,3,157,176,85,1
2016,REG,ATL,TB,24,31,52,322,74,0,90,281,48,1
2016,REG,BAL,BUF,13,7,83,225,35,1,65,95,89,0
2016,REG,HOU,CHI,23,14,131,215,69,1,73,185,30,1
2016,REG,JAC,GB,23,27,48,300,79,1,95,199,24,0
2016,REG,KC,SD,33,27,83,330,46,1,155,233,30,0
2016,REG,NO,OAK,34,35,88,420,53,1,167,319,141,0
2016,REG,NYJ,CIN,22,23,152,188,95,1,57,324,44,1
2016,REG,PHI,CLE,29,10,133,270,46,0,120,168,15,1
2016,REG,TEN,MIN,16,25,64,252,10,3,65,236,39,0
2016,REG,SEA,MIA,12,10,112,240,69,2,64,158,40,0
2016,REG,DAL,NYG,19,20,101,227,50,0,113,203,40,1
2016,REG,IND,DET,35,39,82,368,45,0,116,332,70,0
2016,REG,ARI,NE,21,23,92,252,58,0,106,257,69,2
2016,REG,WAS,PIT,16,38,55,329,55,2,147,288,81,1
2016,REG,SF,LA,28,0,150,170,10,1,65,120,102,2
2016,REG,BUF,NYJ,31,37,86,307,59,1,123,370,50,1
2016,REG,CAR,SF,46,27,176,353,50,4,65,237,50,3
2016,REG,CLE,BAL,20,25,145,242,59,2,80,302,29,2
2016,REG,DET,TEN,15,16,137,238,138,1,139,224,83,1
2016,REG,HOU,KC,19,12,97,254,44,2,119,172,77,3
2016,REG,NE,MIA,31,24,161,304,65,1,70,389,49,4
2016,REG,NYG,NO,16,13,64,353,25,3,41,247,76,0
2016,REG,PIT,CIN,24,16,124,250,54,2,46,366,31,2
2016,REG,WAS,DAL,23,27,82,350,51,1,102,278,39,1
2016,REG,ARI,TB,40,7,101,315,30,0,85,221,39,5
2016,REG,LA,SEA,9,3,64,219,78,0,67,239,114,2
2016,REG,DEN,IND,34,20,134,266,54,1,83,170,94,2
2016,REG,OAK,ATL,28,35,155,299,58,0,139,389,73,1
2016,REG,SD,JAX,38,14,150,207,23,1,69,319,93,3
2016,REG,MIN,GB,17,14,30,254,137,1,83,180,72,3
2016,REG,CHI,PHI,14,29,64,220,60,3,100,180,34,0
2016,REG,NE,HOU,27,0,185,97,15,0,109,175,43,3
2016,REG,BUF,ARI,33,18,208,88,75,1,111,237,50,5
2016,REG,CAR,MIN,10,22,105,201,65,3,58,153,42,0
2016,REG,CIN,DEN,17,29,143,189,69,2,52,303,41,1
2016,REG,GB,DET,34,27,123,201,45,0,50,368,86,1
2016,REG,JAX,BAL,17,19,48,168,75,3,84,199,58,3
2016,REG,MIA,CLE,30,24,115,311,67,3,169,261,91,1
2016,REG,NYG,WAS,27,29,120,337,128,3,90,313,70,1
2016,REG,TEN,OAK,10,17,181,212,70,3,123,245,58,1
2016,REG,SEA,SF,37,18,127,291,50,2,135,119,35,1
2016,REG,TB,LA,32,37,83,389,80,2,137,183,69,2
2016,REG,PHI,PIT,34,3,125,301,99,0,29,222,77,2
2016,REG,IND,SD,26,22,93,317,66,2,37,319,80,3
2016,REG,KC,NYJ,24,3,72,221,59,1,117,188,15,8
2016,REG,DAL,CHI,31,17,199,248,45,1,73,317,45,2
2016,REG,NO,ATL,32,45,115,359,75,2,217,225,35,0
2016,REG,CIN,MIA,22,7,77,285,40,0,62,160,68,2
2016,REG,JAX,IND,30,27,136,195,145,0,94,190,78,1
2016,REG,ATL,CAR,48,33,90,481,77,1,49,329,55,2
2016,REG,BAL,OAK,27,28,130,282,105,1,62,199,93,1
2016,REG,CHI,DET,17,14,114,294,55,0,66,197,76,2
2016,REG,HOU,TEN,27,20,115,244,59,2,124,196,93,1
2016,REG,NE,BUF,0,16,90,187,74,1,134,244,60,0
2016,REG,NYJ,SEA,17,27,58,247,60,3,66,288,71,0
2016,REG,WAS,CLE,31,20,145,156,75,1,163,217,101,3
2016,REG,TB,DEN,7,27,72,143,69,3,89,218,88,0
2016,REG,ARI,LA,13,17,118,302,45,5,41,247,84,1
2016,REG,SD,NO,34,35,38,308,46,3,84,191,34,2
2016,REG,SF,DAL,17,24,106,189,32,1,194,234,45,0
2016,REG,PIT,KC,43,14,149,287,68,0,87,270,40,2
2016,REG,MIN,NYG,24,10,104,262,37,0,78,261,69,2
2016,REG,SF,ARI,21,33,151,135,34,3,172,116,50,0
2016,REG,BAL,WAS,10,16,118,188,65,1,60,250,46,2
2016,REG,CLE,NE,13,33,27,235,35,1,98,403,61,0
2016,REG,DET,PHI,24,23,80,164,18,1,116,230,111,2
2016,REG,IND,CHI,29,23,98,298,68,0,125,397,80,1
2016,REG,MIA,TEN,17,30,51,149,83,2,235,163,40,0
2016,REG,MIN,HOU,31,13,96,255,97,0,59,155,15,1
2016,REG,PIT,NYJ,31,13,61,375,10,1,72,244,18,0
2016,REG,DEN,ATL,16,23,84,183,57,1,122,250,78,1
2016,REG,DAL,CIN,28,14,180,222,45,1,96,249,49,0
2016,REG,LA,BUF,19,30,102,243,40,3,193,112,60,0
2016,REG,OAK,SD,34,31,89,300,36,1,72,357,38,4
2016,REG,GB,NYG,23,16,147,259,57,2,43,176,51,1
2016,REG,CAR,TB,14,17,136,278,60,4,113,202,40,0
2016,REG,SD,DEN,21,13,99,166,20,2,84,220,103,2
2016,REG,BUF,SF,45,16,312,179,71,2,133,167,52,1
2016,REG,CHI,JAX,16,17,92,297,87,0,55,262,50,2
2016,REG,DET,LA,31,28,85,265,62,0,76,311,62,1
2016,REG,MIA,PIT,30,15,222,252,95,0,128,169,65,2
2016,REG,NE,CIN,35,17,79,358,55,0,120,237,46,0
2016,REG,NO,CAR,41,38,63,460,126,1,103,303,51,2
2016,REG,NYG,BAL,27,23,38,397,119,3,98,293,111,0
2016,REG,TEN,CLE,28,26,137,270,96,1,40,301,69,0
2016,REG,WAS,PHI,27,20,230,263,75,1,94,145,114,0
2016,REG,OAK,KC,10,26,65,221,25,2,183,223,10,0
2016,REG,GB,DAL,16,30,78,294,23,4,191,233,60,2
2016,REG,SEA,ATL,26,24,72,261,30,0,52,310,66,2
2016,REG,HOU,IND,26,23,158,256,59,1,161,231,42,1
2016,REG,ARI,NYJ,28,3,171,225,64,0,33,197,83,2
2016,REG,GB,CHI,26,10,103,303,56,1,69,120,108,2
2016,REG,LA,NYG,10,17,74,271,43,4,36,196,33,1
2016,REG,CIN,CLE,31,17,271,288,30,1,180,172,35,2
2016,REG,DET,WAS,20,17,94,250,30,0,134,284,20,2
2016,REG,JAX,OAK,16,33,105,239,122,3,117,200,117,0
2016,REG,KC,NO,27,21,112,214,30,0,104,359,75,2
2016,REG,MIA,BUF,28,25,256,198,116,0,67,200,45,0
2016,REG,NYJ,BAL,24,16,156,189,25,2,6,239,35,3
2016,REG,PHI,MIN,21,10,101,138,53,4,93,189,56,4
2016,REG,TEN,IND,26,34,124,207,38,1,81,341,131,0
2016,REG,ATL,SD,30,33,130,256,70,1,78,348,14,2
2016,REG,SF,TB,17,34,160,113,31,3,249,264,78,1
2016,REG,PIT,NE,16,27,94,281,85,1,140,222,40,2
2016,REG,ARI,SEA,6,6,132,311,45,0,52,205,90,0
2016,REG,DEN,HOU,27,9,190,157,83,0,140,131,15,2
2016,REG,TEN,JAX,36,22,214,280,54,0,48,322,75,1
2016,REG,CIN,WAS,27,27,152,263,85,2,100,446,106,1
2016,REG,ATL,GB,33,32,90,277,46,0,108,223,68,0
2016,REG,BUF,NE,25,41,167,209,84,0,72,285,116,0
2016,REG,CLE,NYJ,28,31,68,339,10,2,171,222,37,0
2016,REG,HOU,DET,20,13,105,164,49,1,58,231,75,0
2016,REG,IND,KC,14,30,105,172,45,2,88,334,40,0
2016,REG,NO,SEA,25,20,123,252,10,1,74,285,76,1
2016,REG,TB,OAK,24,30,102,168,64,0,128,498,200,1
2016,REG,DEN,SD,27,19,57,267,45,3,123,246,52,3
2016,REG,CAR,ARI,30,20,141,208,40,1,24,316,88,2
2016,REG,DAL,PHI,29,23,187,273,84,1,97,194,40,1
2016,REG,CHI,MIN,20,10,158,245,20,0,57,201,10,0
2016,REG,TB,ATL,28,43,73,323,85,2,136,325,34,1
2016,REG,OAK,DEN,30,20,218,179,72,0,33,266,104,2
2016,REG,BAL,PIT,21,14,50,224,94,1,36,241,99,1
2016,REG,CLE,DAL,10,35,45,177,33,0,168,255,38,0
2016,REG,KC,JAX,19,14,62,169,75,0,205,244,46,4
2016,REG,MIA,NYJ,27,23,137,137,86,0,140,192,77,2
2016,REG,MIN,DET,16,22,78,259,54,0,97,214,57,1
2016,REG,NYG,PHI,28,23,54,248,30,2,96,347,43,2
2016,REG,LA,CAR,10,13,59,280,109,1,59,185,35,0
2016,REG,SF,NO,23,41,93,393,78,4,248,323,40,0
2016,REG,GB,IND,26,31,116,289,25,1,85,270,35,2
2016,REG,SD,TEN,43,35,208,268,107,0,80,313,57,3
2016,REG,SEA,BUF,31,25,33,245,75,0,162,263,115,1
2016,REG,BAL,CLE,28,7,119,277,61,2,33,111,35,3
2016,REG,CAR,KC,17,20,99,242,53,2,91,165,45,1
2016,REG,JAX,HOU,21,24,80,247,48,2,181,92,89,0
2016,REG,NO,DEN,23,25,80,293,25,4,103,234,10,2
2016,REG,NYJ,LA,6,9,139,157,31,1,125,155,55,0
2016,REG,PHI,ATL,24,15,207,221,77,1,48,255,67,1
2016,REG,TB,CHI,36,10,80,280,85,1,122,161,74,4
2016,REG,TEN,GB,47,25,162,284,65,0,69,333,107,3
2016,REG,WAS,MIN,26,20,128,260,35,1,47,284,35,1
2016,REG,SD,MIA,24,31,70,309,29,4,106,231,81,1
2016,REG,ARI,SF,23,20,80,363,10,4,83,198,100,1
2016,REG,PIT,DAL,30,35,48,400,40,0,127,295,98,1
2016,REG,NE,SEA,24,31,81,304,61,2,96,324,60,0
2016,REG,NYG,CIN,21,20,122,229,15,2,78,186,60,1
2016,REG,CAR,NO,23,20,50,173,45,0,107,264,48,2
2016,REG,CIN,BUF,12,16,93,207,25,2,183,159,75,1
2016,REG,CLE,PIT,9,24,33,176,52,2,146,167,70,0
2016,REG,DAL,BAL,27,17,118,299,45,0,101,267,136,0
2016,REG,DET,JAX,26,19,14,263,32,2,83,202,25,3
2016,REG,IND,TEN,24,17,76,251,70,1,97,254,109,0
2016,REG,KC,TB,17,19,82,261,30,2,116,326,42,1
2016,REG,MIN,ARI,30,24,72,145,73,1,135,155,96,2
2016,REG,NYG,CHI,22,16,102,227,35,0,93,222,40,1
2016,REG,LA,MIA,10,14,101,125,70,1,98,142,83,1
2016,REG,SF,NE,17,30,122,177,68,0,171,273,40,0
2016,REG,SEA,PHI,26,15,152,287,48,0,113,195,48,2
2016,REG,WAS,GB,42,24,151,364,40,0,84,340,59,2
2016,REG,OAK,HOU,27,20,30,295,21,1,124,230,101,2
2016,REG,DET,MIN,16,13,94,214,16,0,82,224,40,1
2016,REG,DAL,WAS,31,26,163,190,25,0,56,449,30,0
2016,REG,IND,PIT,7,28,91,219,10,2,148,221,67,0
2016,REG,ATL,ARI,38,19,116,244,23,1,58,274,60,1
2016,REG,BAL,CIN,19,12,115,219,69,1,64,261,15,2
2016,REG,BUF,JAX,28,21,153,151,31,0,183,118,60,0
2016,REG,CHI,TEN,21,27,95,316,48,2,149,226,118,0
2016,REG,CLE,NYG,13,27,58,285,35,3,104,192,100,1
2016,REG,HOU,SD,13,21,114,239,58,4,67,235,78,1
2016,REG,MIA,SF,31,24,95,263,42,0,193,282,65,2
2016,REG,NO,LA,49,21,209,346,45,1,69,178,62,2
2016,REG,TB,SEA,14,5,118,220,68,2,127,118,27,3
2016,REG,DEN,KC,27,30,124,340,97,1,83,190,71,0
2016,REG,OAK,CAR,35,32,55,310,46,2,129,229,67,2
2016,REG,NYJ,NE,17,22,64,269,66,2,91,286,15,0
2016,REG,PHI,GB,13,27,81,211,42,1,74,313,51,0
2016,REG,MIN,DAL,15,17,87,231,57,1,140,124,78,2
2016,REG,ATL,KC,28,29,128,290,30,1,123,266,128,1
2016,REG,BAL,MIA,38,6,110,386,68,2,62,215,57,3
2016,REG,CHI,SF,26,6,142,184,40,1,141,6,106,0
2016,REG,CIN,PHI,32,14,80,332,23,2,53,306,88,3
2016,REG,GB,HOU,21,13,109,200,30,1,123,195,12,1
2016,REG,JAX,DEN,10,20,154,179,65,3,104,102,32,0
2016,REG,NE,LA,26,10,133,269,46,0,36,126,30,2
2016,REG,NO,DET,13,28,50,319,83,3,85,337,39,0
2016,REG,OAK,BUF,38,24,139,260,65,0,212,170,73,2
2016,REG,ARI,WAS,31,23,88,281,51,0,87,246,35,2
2016,REG,PIT,NYG,24,14,117,272,115,2,56,178,24,2
2016,REG,SD,TB,21,28,119,211,45,2,81,268,35,1
2016,REG,SEA,CAR,40,7,240,294,37,1,89,182,63,2
2016,REG,NYJ,IND,10,41,36,214,90,3,139,282,28,1
2016,REG,KC,OAK,21,13,65,258,73,3,135,109,82,0
2016,REG,BUF,PIT,20,27,67,208,46,1,240,220,45,3
2016,REG,CAR,SD,28,16,126,146,35,1,58,220,32,5
2016,REG,CLE,CIN,10,23,169,85,34,1,213,147,43,0
2016,REG,DET,CHI,20,17,114,209,55,2,92,204,139,0
2016,REG,IND,HOU,17,22,83,265,59,3,185,131,124,1
2016,REG,JAX,MIN,16,25,85,230,114,0,85,292,93,1
2016,REG,MIA,ARI,26,23,83,231,118,3,175,125,54,4
2016,REG,PHI,WAS,22,27,95,288,54,2,107,227,86,1
2016,REG,TB,NO,16,11,104,166,65,0,46,248,104,3
2016,REG,TEN,DEN,13,10,180,73,55,0,18,330,87,2
2016,REG,SF,NYJ,17,23,248,116,25,0,188,216,56,1
2016,REG,GB,SEA,38,10,93,237,50,0,137,218,63,6
2016,REG,LA,ATL,14,42,104,208,105,5,66,220,40,0
2016,REG,NYG,DAL,10,7,93,167,50,3,108,152,54,3
2016,REG,NE,BAL,30,23,95,401,48,3,42,306,47,1
2016,REG,SEA,LA,24,3,72,227,86,1,47,136,76,0
2016,REG,NYJ,MIA,13,34,116,244,42,4,67,236,70,1
2016,REG,BAL,PHI,27,26,151,189,62,2,169,159,30,1
2016,REG,BUF,CLE,33,13,280,171,42,0,107,162,51,0
2016,REG,CHI,GB,27,30,95,354,40,4,226,225,64,0
2016,REG,DAL,TB,26,20,185,264,91,1,52,224,35,4
2016,REG,HOU,JAX,21,20,79,308,71,2,67,83,91,1
2016,REG,KC,TEN,17,19,158,159,40,1,148,241,25,3
2016,REG,MIN,IND,6,34,34,248,27,3,161,250,55,0
2016,REG,NYG,DET,17,6,114,186,46,0,56,268,15,2
2016,REG,ARI,NO,41,48,116,309,52,2,130,358,46,1
2016,REG,ATL,SF,41,13,248,302,27,1,107,165,20,1
2016,REG,DEN,NE,3,16,58,252,49,3,136,177,30,0
2016,REG,SD,OAK,16,19,73,190,44,2,146,200,15,2
2016,REG,CIN,PIT,20,24,76,146,86,1,97,285,104,0
2016,REG,WAS,CAR,15,26,29,307,70,3,148,290,62,0
2016,REG,PHI,NYG,24,19,118,168,5,1,114,356,50,3
2016,REG,BUF,MIA,31,34,272,317,35,0,261,233,15,1
2016,REG,CAR,ATL,16,33,119,183,24,2,152,256,45,0
2016,REG,CHI,WAS,21,41,140,318,52,5,208,270,73,0
2016,REG,CLE,SD,20,17,124,127,44,0,35,321,92,1
2016,REG,GB,MIN,38,25,40,308,21,0,93,353,70,2
2016,REG,JAX,TEN,38,17,84,331,45,1,58,205,49,1
2016,REG,NE,NYJ,41,3,114,211,20,0,111,128,77,4
2016,REG,NO,TB,31,24,123,294,59,0,89,260,63,2
2016,REG,OAK,IND,33,25,210,249,93,0,103,288,22,3
2016,REG,LA,SF,21,22,99,78,45,2,70,244,100,2
2016,REG,SEA,ARI,31,34,78,313,40,1,94,276,85,1
2016,REG,HOU,CIN,12,10,95,155,25,0,50,244,60,1
2016,REG,PIT,BAL,31,27,127,279,45,2,122,246,95,1
2016,REG,KC,DEN,33,10,238,246,65,1,63,183,70,3
2016,REG,DAL,DET,42,21,164,211,47,0,90,229,62,2
2016,REG,ATL,NO,38,32,142,323,63,0,132,341,70,1
2016,REG,CIN,BAL,27,10,153,218,20,0,72,263,41,2
2016,REG,DET,GB,24,31,76,332,30,1,153,295,75,0
2016,REG,IND,JAX,24,20,94,290,35,2,182,288,54,2
2016,REG,MIA,NE,14,35,75,205,73,2,120,276,64,0
2016,REG,MIN,CHI,38,10,124,250,15,1,183,140,49,5
2016,REG,NYJ,BUF,30,10,127,202,15,0,68,162,0,3
2016,REG,PHI,DAL,27,13,114,232,61,0,69,126,35,2
2016,REG,PIT,CLE,27,24,69,243,43,1,231,206,37,4
2016,REG,TB,CAR,17,16,112,188,30,2,128,207,45,3
2016,REG,TEN,HOU,24,17,103,133,50,1,46,243,35,1
2016,REG,WAS,NYG,10,19,38,246,42,3,161,171,42,0
2016,REG,DEN,OAK,24,6,143,206,43,1,57,164,125,3
2016,REG,LA,ARI,6,44,51,71,61,3,84,260,51,2
2016,REG,SD,KC,27,37,129,269,50,2,103,262,19,1
2016,REG,SF,SEA,23,25,62,191,25,2,87,289,34,0
2016,POST,HOU,OAK,27,14,123,168,65,0,64,139,63,3
2016,POST,SEA,DET,26,6,177,210,40,0,49,182,68,0
2016,POST,PIT,MIA,30,12,179,188,60,2,52,253,64,3
2016,POST,GB,NYG,38,13,75,331,20,0,70,295,42,2
2016,POST,ATL,SEA,36,20,99,323,10,0,101,208,40,2
2016,POST,NE,HOU,34,16,98,279,50,3,104,181,75,3
2016,POST,KC,PIT,16,18,61,166,60,2,171,218,53,1
2016,POST,DAL,GB,31,34,138,291,50,1,87,327,22,1
2016,POST,ATL,GB,44,21,101,392,31,0,99,268,63,2
2016,POST,NE,PIT,36,17,57,374,10,0,54,314,19,2
2016,POST,ATL,NE,28,34,104,240,65,1,104,442,23,2
2017,REG,NE,KC,27,42,124,247,55,0,185,352,139,1
2017,REG,BUF,NYJ,21,12,190,218,50,1,38,176,62,2
2017,REG,CHI,ATL,17,23,125,176,40,0,64,308,73,0
2017,REG,CIN,BAL,0,20,77,144,66,5,157,111,85,1
2017,REG,CLE,PIT,18,21,57,180,61,1,35,255,144,1
2017,REG,DET,ARI,35,23,82,285,100,1,45,264,55,4
2017,REG,HOU,JAX,7,29,93,110,94,4,155,125,89,0
2017,REG,TEN,OAK,16,26,95,255,49,0,109,250,49,0
2017,REG,WAS,PHI,17,30,64,200,15,4,58,298,76,2
2017,REG,LA,IND,46,9,63,310,50,1,75,150,20,3
2017,REG,GB,SEA,17,9,84,286,70,1,90,135,50,1
2017,REG,SF,CAR,3,23,51,166,74,2,116,171,40,2
2017,REG,DAL,NYG,19,3,129,263,50,0,35,198,55,1
2017,REG,MIN,NO,29,19,129,341,50,0,60,284,52,0
2017,REG,DEN,LAC,24,21,140,181,62,2,64,185,40,1
2017,REG,CIN,HOU,9,13,82,213,45,1,168,98,61,0
2017,REG,BAL,CLE,24,10,136,201,45,2,93,293,65,5
2017,REG,CAR,BUF,9,3,77,178,40,0,69,107,44,0
2017,REG,IND,ARI,13,16,76,190,70,1,83,306,41,1
2017,REG,JAX,TEN,16,37,99,211,99,3,179,211,70,1
2017,REG,KC,PHI,27,20,112,232,40,0,107,299,30,2
2017,REG,NO,NE,20,36,81,348,35,0,119,436,66,0
2017,REG,PIT,MIN,26,9,102,233,72,0,91,146,131,1
2017,REG,TB,CHI,29,7,117,194,34,1,20,290,59,4
2017,REG,LAC,MIA,17,19,44,323,56,0,111,225,23,0
2017,REG,OAK,NYJ,45,20,180,230,79,0,126,145,47,2
2017,REG,DEN,DAL,42,17,178,202,61,2,40,228,69,2
2017,REG,LA,WAS,20,27,92,240,75,2,229,156,25,0
2017,REG,SEA,SF,12,9,131,181,71,0,159,89,66,1
2017,REG,ATL,GB,34,23,141,223,34,0,59,308,70,2
2017,REG,NYG,DET,10,24,62,208,50,1,138,119,50,1
2017,REG,SF,LA,39,41,113,308,55,2,126,292,52,2
2017,REG,JAX,BAL,44,7,166,244,70,0,134,52,88,3
2017,REG,BUF,DEN,26,16,75,197,69,0,111,255,79,2
2017,REG,CAR,NO,13,34,132,156,5,3,149,213,10,0
2017,REG,CHI,PIT,23,17,220,84,73,2,70,212,40,2
2017,REG,DET,ATL,26,30,71,253,98,0,151,277,68,3
2017,REG,IND,CLE,31,28,92,243,99,1,111,235,113,3
2017,REG,MIN,TB,34,17,125,369,53,0,26,316,37,3
2017,REG,NE,HOU,36,33,59,337,69,1,125,292,60,2
2017,REG,NYJ,MIA,20,6,103,233,94,1,30,195,51,2
2017,REG,PHI,NYG,27,24,193,161,103,1,49,366,137,2
2017,REG,TEN,SEA,33,27,195,225,45,0,69,364,98,0
2017,REG,GB,CIN,27,24,64,280,33,1,110,191,68,1
2017,REG,LAC,KC,10,24,104,226,61,3,189,122,122,0
2017,REG,WAS,OAK,27,10,116,356,77,2,32,96,35,3
2017,REG,ARI,DAL,17,28,49,283,50,0,99,174,76,0
2017,REG,GB,CHI,35,14,91,169,55,0,103,205,62,4
2017,REG,MIA,NO,0,20,58,128,90,1,86,261,71,0
2017,REG,ATL,BUF,17,23,149,242,45,3,117,164,55,0
2017,REG,BAL,PIT,9,26,82,206,55,3,173,208,60,1
2017,REG,CLE,CIN,7,31,45,170,28,1,86,264,66,1
2017,REG,DAL,LA,30,35,189,251,45,2,168,244,41,0
2017,REG,HOU,TEN,57,14,173,272,20,1,86,109,88,5
2017,REG,MIN,DET,7,14,87,197,10,3,97,154,60,0
2017,REG,NE,CAR,30,33,80,293,55,0,140,304,33,2
2017,REG,NYJ,JAX,23,20,256,215,70,2,175,136,47,1
2017,REG,ARI,SF,18,15,51,317,80,1,95,210,113,1
2017,REG,LAC,PHI,24,26,58,342,39,1,214,240,58,0
2017,REG,TB,NYG,25,23,111,323,19,0,91,288,0,0
2017,REG,DEN,OAK,16,10,143,155,40,0,24,230,75,1
2017,REG,SEA,IND,46,18,194,283,45,2,98,139,31,2
2017,REG,KC,WAS,29,20,168,261,15,0,111,220,44,1
2017,REG,TB,NE,14,19,90,319,70,0,113,289,108,2
2017,REG,CIN,BUF,20,16,65,323,71,3,82,139,71,1
2017,REG,CLE,NYJ,14,17,140,279,60,3,34,178,80,1
2017,REG,DET,CAR,24,27,50,192,10,1,28,334,100,0
2017,REG,IND,SF,26,23,159,288,62,1,66,336,77,0
2017,REG,MIA,TEN,16,10,100,78,23,2,69,119,77,2
2017,REG,NYG,LAC,22,27,152,183,67,2,124,258,87,1
2017,REG,PHI,ARI,34,7,122,297,60,1,31,276,61,1
2017,REG,PIT,JAX,9,30,70,301,37,5,231,82,19,1
2017,REG,LA,SEA,10,16,100,275,45,5,62,179,40,2
2017,REG,OAK,BAL,17,30,108,137,24,1,143,222,5,0
2017,REG,DAL,GB,31,35,163,245,70,3,160,182,38,1
2017,REG,HOU,KC,34,42,144,248,59,1,127,323,64,0
2017,REG,CHI,MIN,17,20,115,159,55,2,159,141,69,0
2017,REG,CAR,PHI,23,28,80,225,1,3,101,209,126,1
2017,REG,ATL,MIA,17,20,100,239,73,1,138,151,42,1
2017,REG,BAL,CHI,24,27,125,166,69,3,231,111,44,2
2017,REG,HOU,CLE,33,17,123,217,44,1,134,113,72,3
2017,REG,MIN,GB,23,10,112,239,65,2,72,155,92,3
2017,REG,NO,DET,52,38,193,186,118,3,66,281,46,5
2017,REG,NYJ,NE,17,24,74,334,69,3,118,257,45,2
2017,REG,WAS,SF,26,24,94,325,43,2,85,250,40,1
2017,REG,ARI,TB,38,33,160,272,61,2,68,346,49,2
2017,REG,JAX,LA,17,27,169,220,40,1,142,107,70,1
2017,REG,KC,PIT,13,19,28,223,48,0,194,245,57,1
2017,REG,OAK,LAC,16,17,109,165,40,2,80,263,32,1
2017,REG,DEN,NYG,10,23,46,366,46,3,148,118,77,0
2017,REG,TEN,IND,36,22,168,305,45,1,85,212,51,1
2017,REG,OAK,KC,31,30,88,417,97,0,94,331,108,0
2017,REG,BUF,TB,30,27,173,261,35,1,69,378,55,3
2017,REG,CHI,CAR,17,3,68,85,40,0,108,185,35,3
2017,REG,CLE,TEN,9,12,66,218,81,3,80,189,35,1
2017,REG,GB,NO,17,26,181,79,54,1,161,324,80,2
2017,REG,IND,JAX,0,27,96,136,55,0,188,330,34,2
2017,REG,LA,ARI,33,0,197,228,45,1,25,168,65,2
2017,REG,MIA,NYJ,31,28,53,304,76,2,92,180,124,2
2017,REG,MIN,BAL,24,16,169,188,47,1,64,144,15,0
2017,REG,PIT,CIN,29,14,152,268,5,0,71,108,54,2
2017,REG,SF,DAL,10,40,103,187,22,3,265,236,36,0
2017,REG,LAC,DEN,21,0,80,162,81,0,69,182,68,3
2017,REG,NYG,SEA,7,24,46,131,28,1,104,321,110,1
2017,REG,NE,ATL,23,7,162,241,65,0,120,223,40,0
2017,REG,PHI,WAS,34,24,127,244,55,1,75,269,55,1
2017,REG,BAL,MIA,40,0,174,121,40,0,45,151,43,2
2017,REG,CLE,MIN,16,33,115,161,74,2,88,287,58,1
2017,REG,BUF,OAK,34,14,166,165,95,0,54,313,50,4
2017,REG,CIN,IND,24,23,58,218,54,2,115,216,45,1
2017,REG,NE,LAC,21,13,97,317,80,0,157,192,77,1
2017,REG,NO,CHI,20,12,101,286,51,2,157,150,31,1
2017,REG,NYJ,ATL,20,25,43,236,50,1,140,246,68,2
2017,REG,PHI,SF,33,10,112,192,35,1,94,144,69,2
2017,REG,TB,CAR,3,17,85,194,55,3,100,154,51,1
2017,REG,SEA,HOU,41,38,33,446,120,1,142,367,93,3
2017,REG,WAS,DAL,19,33,49,236,32,3,169,138,89,1
2017,REG,DET,PIT,15,20,71,411,57,1,75,317,37,2
2017,REG,KC,DEN,29,19,79,197,69,2,177,187,53,5
2017,REG,NYJ,BUF,34,21,194,137,66,0,63,244,99,3
2017,REG,CAR,ATL,20,17,201,129,29,2,53,302,70,1
2017,REG,HOU,IND,14,20,94,194,74,1,92,279,68,1
2017,REG,JAX,CIN,23,7,148,259,50,1,29,119,78,0
2017,REG,NO,TB,30,10,151,256,28,2,87,113,50,1
2017,REG,NYG,LA,17,51,111,208,52,3,162,311,55,0
2017,REG,PHI,DEN,51,23,197,222,35,1,35,191,105,2
2017,REG,TEN,BAL,23,20,71,186,39,1,73,268,39,2
2017,REG,SF,ARI,10,20,63,266,53,2,167,201,25,2
2017,REG,SEA,WAS,14,17,148,289,138,2,51,193,62,1
2017,REG,DAL,KC,28,17,131,244,65,0,68,255,52,1
2017,REG,MIA,OAK,24,27,86,309,107,1,84,295,105,2
2017,REG,GB,DET,17,30,78,233,20,0,64,353,19,1
2017,REG,ARI,SEA,16,22,34,256,58,1,75,212,108,0
2017,REG,BUF,NO,10,47,69,129,56,1,298,184,41,1
2017,REG,CHI,GB,16,23,55,268,78,1,160,182,35,0
2017,REG,DET,CLE,38,24,104,241,81,1,201,212,60,2
2017,REG,IND,PIT,17,20,71,196,82,1,88,228,70,1
2017,REG,JAX,LAC,20,17,135,263,106,2,87,235,77,2
2017,REG,TB,NYJ,15,10,90,181,50,1,56,219,77,2
2017,REG,TEN,CIN,24,20,180,236,55,2,53,255,84,2
2017,REG,WAS,MIN,30,38,81,313,15,1,102,304,40,2
2017,REG,LA,HOU,33,7,104,339,86,0,89,194,60,4
2017,REG,ATL,DAL,27,7,132,204,35,1,107,126,54,2
2017,REG,SF,NYG,31,21,186,288,44,2,114,260,35,1
2017,REG,DEN,NE,16,41,118,221,28,2,99,297,5,0
2017,REG,CAR,MIA,45,21,294,254,37,0,100,213,57,1
2017,REG,PIT,TEN,40,17,65,284,61,0,52,264,65,4
2017,REG,CHI,DET,24,27,222,176,64,1,65,287,49,1
2017,REG,CLE,JAX,7,19,50,134,0,5,139,145,40,1
2017,REG,GB,BAL,0,23,75,190,53,5,58,161,30,1
2017,REG,HOU,ARI,31,21,134,223,42,2,48,244,90,2
2017,REG,MIN,LA,24,7,171,280,65,0,45,209,60,1
2017,REG,NO,WAS,34,31,160,375,54,1,156,300,67,0
2017,REG,NYG,KC,12,9,112,205,48,1,134,229,87,3
2017,REG,LAC,BUF,54,24,146,283,13,0,173,220,48,6
2017,REG,DEN,CIN,17,20,112,229,50,2,49,141,14,0
2017,REG,OAK,NE,8,33,109,235,66,2,89,331,10,0
2017,REG,DAL,PHI,9,37,112,113,10,4,215,168,30,0
2017,REG,MIA,TB,20,30,83,365,123,5,53,268,82,0
2017,REG,SEA,ATL,31,34,136,224,106,2,89,190,69,1
2017,REG,DET,MIN,23,30,53,236,54,2,136,272,74,0
2017,REG,DAL,LAC,6,28,79,168,60,2,81,434,56,0
2017,REG,WAS,NYG,20,10,122,201,55,1,84,86,79,1
2017,REG,ATL,TB,34,20,148,368,42,1,94,279,15,0
2017,REG,CIN,CLE,30,16,152,209,35,0,169,236,69,0
2017,REG,IND,TEN,16,20,89,165,67,1,92,184,15,2
2017,REG,KC,BUF,10,16,55,181,50,1,104,164,50,0
2017,REG,NE,MIA,35,17,196,221,70,2,67,154,52,3
2017,REG,NYJ,CAR,27,35,109,282,68,1,145,154,84,0
2017,REG,PHI,CHI,31,3,176,244,70,3,6,134,56,2
2017,REG,LA,NO,26,20,88,327,90,1,123,223,112,0
2017,REG,SF,SEA,13,24,84,196,74,1,90,228,35,1
2017,REG,ARI,JAX,27,24,108,236,98,2,91,128,45,3
2017,REG,OAK,DEN,21,14,104,244,68,1,59,160,75,1
2017,REG,PIT,GB,31,28,121,341,45,3,80,227,27,0
2017,REG,BAL,HOU,23,16,139,155,89,0,66,237,36,3
2017,REG,DAL,WAS,38,14,182,93,25,0,56,224,43,4
2017,REG,ATL,MIN,9,14,102,173,55,0,105,207,51,0
2017,REG,BAL,DET,44,20,101,269,25,0,78,294,45,3
2017,REG,BUF,NE,3,23,183,85,34,1,191,244,66,1
2017,REG,CHI,SF,14,15,62,85,29,0,110,278,53,1
2017,REG,GB,TB,26,20,199,77,47,1,165,230,74,1
2017,REG,JAX,IND,30,10,96,330,55,0,141,149,31,2
2017,REG,MIA,DEN,35,9,145,222,85,3,103,167,57,3
2017,REG,NO,CAR,31,21,148,252,68,1,112,167,54,1
2017,REG,NYJ,KC,38,31,157,331,40,0,112,362,30,0
2017,REG,TEN,HOU,24,13,198,146,63,1,53,331,85,1
2017,REG,LAC,CLE,19,10,94,335,62,0,89,202,24,2
2017,REG,ARI,LA,16,32,118,194,25,2,90,213,36,1
2017,REG,OAK,NYG,24,17,119,282,42,1,65,200,5,2
2017,REG,SEA,PHI,24,10,101,209,46,0,98,327,64,2
2017,REG,CIN,PIT,20,23,130,223,173,0,92,282,66,1
2017,REG,ATL,NO,20,17,132,211,35,3,50,256,87,1
2017,REG,BUF,IND,13,7,227,92,10,2,163,64,20,0
2017,REG,CAR,MIN,31,24,216,129,48,1,100,256,30,3
2017,REG,CIN,CHI,7,33,70,164,56,2,232,250,74,0
2017,REG,CLE,GB,21,27,136,209,45,2,85,256,20,0
2017,REG,HOU,SF,16,26,90,221,81,1,102,314,87,1
2017,REG,JAX,SEA,30,24,157,268,48,1,141,260,73,3
2017,REG,KC,OAK,26,15,165,243,69,1,70,198,39,3
2017,REG,TB,DET,21,24,133,267,65,5,53,381,105,3
2017,REG,ARI,TEN,12,7,136,125,30,0,65,139,48,2
2017,REG,DEN,NYJ,23,0,84,189,21,0,59,41,20,2
2017,REG,LAC,WAS,30,13,174,314,40,1,65,136,48,1
2017,REG,LA,PHI,35,43,109,198,102,2,139,316,67,1
2017,REG,NYG,DAL,10,30,102,228,69,2,122,332,51,0
2017,REG,PIT,BAL,39,38,59,486,101,0,152,261,35,1
2017,REG,MIA,NE,27,20,120,242,102,0,25,223,78,2
2017,REG,IND,DEN,13,25,70,158,39,0,213,249,80,1
2017,REG,DET,CHI,20,10,91,202,58,1,43,306,97,3
2017,REG,KC,LAC,30,13,174,223,71,0,98,209,61,4
2017,REG,BUF,MIA,24,16,116,212,28,0,100,249,60,3
2017,REG,CAR,GB,31,24,151,236,40,0,120,264,28,4
2017,REG,CLE,BAL,10,27,130,136,35,4,97,279,57,0
2017,REG,JAX,HOU,45,7,138,326,54,0,87,99,127,1
2017,REG,MIN,CIN,34,7,124,222,93,1,46,115,44,2
2017,REG,NO,NYJ,31,19,131,285,92,3,124,170,50,2
2017,REG,NYG,PHI,29,34,75,429,67,1,108,233,44,0
2017,REG,WAS,ARI,20,15,31,187,82,1,141,145,71,2
2017,REG,SEA,LA,7,42,78,71,60,2,244,108,25,1
2017,REG,PIT,NE,24,27,143,270,63,1,77,283,4,1
2017,REG,SF,TEN,25,23,51,363,70,0,90,238,22,1
2017,REG,OAK,DAL,17,20,122,171,105,1,126,204,100,2
2017,REG,TB,ATL,21,24,84,289,53,1,201,209,60,0
2017,REG,BAL,IND,23,16,103,220,25,0,93,203,19,0
2017,REG,GB,MIN,0,16,113,126,79,2,112,124,10,0
2017,REG,CAR,TB,22,19,115,140,50,1,66,326,72,3
2017,REG,CHI,CLE,20,3,97,161,25,0,75,178,60,3
2017,REG,CIN,DET,26,17,142,222,60,1,87,189,74,1
2017,REG,KC,MIA,29,13,103,301,40,0,59,286,75,2
2017,REG,NE,BUF,37,16,193,218,10,1,84,242,83,0
2017,REG,NO,ATL,23,13,86,229,30,1,67,264,91,2
2017,REG,NYJ,LAC,7,14,197,98,34,3,89,290,80,0
2017,REG,TEN,LA,23,27,97,269,54,1,116,286,44,1
2017,REG,WAS,DEN,27,11,87,299,35,2,159,171,30,3
2017,REG,SF,JAX,44,33,131,238,68,1,92,380,99,3
2017,REG,ARI,NYG,23,0,74,215,45,2,43,250,101,3
2017,REG,DAL,SEA,12,21,128,155,75,3,76,60,142,0
2017,REG,HOU,PIT,6,34,176,51,80,2,104,226,24,0
2017,REG,PHI,OAK,19,10,78,138,60,2,137,137,50,5
2017,REG,ATL,CAR,22,10,60,311,60,0,87,161,35,3
2017,REG,BAL,CIN,27,31,118,194,47,1,146,213,60,1
2017,REG,DET,GB,35,11,51,305,62,0,103,153,68,4
2017,REG,IND,HOU,22,13,146,104,20,0,85,124,34,1
2017,REG,MIA,BUF,16,22,93,263,145,1,126,186,45,0
2017,REG,MIN,CHI,23,10,147,180,103,0,30,171,116,0
2017,REG,NE,NYJ,26,6,147,183,49,0,40,207,84,0
2017,REG,NYG,WAS,18,10,260,121,25,1,61,136,35,3
2017,REG,PHI,DAL,0,6,70,149,49,2,129,172,64,1
2017,REG,PIT,CLE,28,24,124,224,15,2,102,272,77,2
2017,REG,TB,NO,31,24,110,345,15,3,92,231,38,1
2017,REG,TEN,JAX,15,10,116,116,15,1,83,146,41,4
2017,REG,DEN,KC,24,27,110,226,30,3,110,269,40,2
2017,REG,LAC,OAK,30,10,115,380,65,0,105,231,85,2
2017,REG,LA,SF,13,34,102,149,46,2,171,292,23,3
2017,REG,SEA,ARI,24,26,101,195,100,0,116,143,25,1
2017,POST,KC,TEN,21,22,69,256,68,0,202,195,50,2
2017,POST,LA,ATL,13,26,115,246,45,2,124,198,51,0
2017,POST,JAX,BUF,10,3,155,75,34,0,130,133,52,2
2017,POST,NO,CAR,31,26,41,369,96,1,107,306,18,0
2017,POST,PHI,ATL,15,10,96,238,24,2,86,195,73,0
2017,POST,NE,TEN,35,14,101,337,37,0,65,202,62,0
2017,POST,PIT,JAX,42,45,83,462,25,2,164,214,40,0
2017,POST,MIN,NO,29,24,95,308,30,1,80,278,97,2
2017,POST,NE,JAX,24,20,46,298,10,1,101,273,98,0
2017,POST,PHI,MIN,38,7,110,346,55,0,70,263,19,3
2017,POST,NE,PHI,33,41,113,500,5,1,164,374,35,1
